Date,Close,High,Low,Open,Volume
2016-01-04,0.7897312045097351,0.7948545542320969,0.781680193136307,0.7877794688536937,358076000
2016-01-05,0.8024173974990845,0.8158357647745199,0.792902558421975,0.8046131430169525,490272000
2016-01-06,0.7692376375198364,0.7929027052605814,0.7602107014414428,0.7892431287197467,449344000
2016-01-07,0.7387413382530212,0.7550873101636593,0.7289824874129915,0.74996390329342,645304000
2016-01-08,0.7228831648826599,0.7489879256314864,0.7214193345633458,0.7482560104718293,398472000
2016-01-11,0.7241030335426331,0.7292264400057904,0.711172628461549,0.7236151288479433,409372000
2016-01-12,0.7363016605377197,0.7470363801578739,0.731178311287418,0.7370335758830483,469356000
2016-01-13,0.7138563394546509,0.7467922913082572,0.7131244242430607,0.7419128371753265,481672000
2016-01-14,0.6994624137878418,0.7075134265151858,0.6787249426617705,0.699218403164549,600236000
2016-01-15,0.6614028215408325,0.6794566352221211,0.6499362455204839,0.671405625136856,841452000
2016-01-19,0.6667702198028564,0.6940948652082243,0.6640865108402054,0.6750651827472366,457140000
2016-01-20,0.6704297065734863,0.6789686796708547,0.6453008083731101,0.6540837338493477,481180000
2016-01-21,0.6782366633415222,0.6887273702412068,0.663842428126399,0.6777487586564591,481456000
2016-01-22,0.6940948963165283,0.6987303409443173,0.6897034040900965,0.6911672348322404,257996000
2016-01-25,0.6933631300926208,0.701902105813919,0.6918992990355968,0.6938510931673,270728000
2016-01-26,0.7001940011978149,0.703121662212462,0.6877515582195478,0.6948267002269506,227944000
2016-01-27,0.6918990015983582,0.7014138412117111,0.6787246440826314,0.699218095570094,231700000
2016-01-28,0.6843360662460327,0.6999501242842323,0.6709176960385033,0.697510425898045,276776000
2016-01-29,0.7145881056785583,0.7160519359156929,0.6875074789594904,0.6901911289495833,310504000
2016-02-01,0.7148323655128479,0.7184918842152288,0.7077572223433768,0.7138564977366797,289884000
2016-02-02,0.6845797300338745,0.7111724486826305,0.6797003353185233,0.7075129317296037,341908000
2016-02-03,0.6879954934120178,0.6940947676513207,0.6721374850904124,0.6899472867620703,326772000
2016-02-04,0.6882396936416626,0.7038537539109953,0.6814085022840128,0.6889715509117978,348140000
2016-02-05,0.6448127627372742,0.6911670824622009,0.6428610276226825,0.6836040361844231,600428000
2016-02-08,0.6152926683425903,0.6382258263999633,0.6062657300501677,0.6350542120090061,608852000
2016-02-09,0.6218797564506531,0.647740572586618,0.605045819088506,0.6079734806008799,425372000
2016-02-10,0.6204158067703247,0.6438369198788456,0.6170002411052673,0.6257831657918365,335800000
2016-02-11,0.6172441840171814,0.6235874105363617,0.6045577309788208,0.6045577309788208,340144000
2016-02-12,0.6277348399162292,0.6289547179162192,0.6038257662526848,0.6270029247496322,340816000
2016-02-16,0.6584751605987549,0.659451086437988,0.634810093253752,0.6367618285982285,485352000
2016-02-17,0.6748213171958923,0.6811645454991637,0.6640865962978919,0.6667703056058949,771468000
2016-02-18,0.7328860759735107,0.7558192871617946,0.7294705098923825,0.7302024252193382,1068660000
2016-02-19,0.7426449656486511,0.7492322044445882,0.7233713285983652,0.7289826413872713,525628000
2016-02-22,0.7689937949180603,0.7775327699335602,0.751915903054069,0.7533797339900985,449668000
2016-02-23,0.7709454298019409,0.7782645248047668,0.7592348428972218,0.7628944194821329,369380000
2016-02-24,0.7763128876686096,0.777532766165058,0.7465485387259672,0.7677739708615041,336852000
2016-02-25,0.7780205607414246,0.7819240899429014,0.7641142852218507,0.7792404390649486,349616000
2016-02-26,0.7728971838951111,0.7836318451921412,0.7650901257698176,0.7816801097443168,361964000
2016-02-29,0.7678775191307068,0.7840382034008535,0.7673878368067104,0.773999015211968,323344000
2016-03-01,0.8019130229949951,0.8019130229949951,0.7686121700567433,0.7698364927345683,348700000
2016-03-02,0.8065652847290039,0.8095036124065412,0.796036355056385,0.7975055188951538,233812000
2016-03-03,0.7994642853736877,0.8090137319182776,0.7886904580030667,0.8055857224725834,302004000
2016-03-04,0.7970158457756042,0.8063204528974894,0.7908943491694,0.8055858709695882,175304000
2016-03-07,0.7918736934661865,0.7979951894631265,0.7815896058780487,0.7926082753209758,239968000
2016-03-08,0.7774270176887512,0.7884456871798943,0.774978430955043,0.783793354872175,274940000
2016-03-09,0.7769372463226318,0.7855072697189222,0.7668980009998125,0.7842830056818404,222788000
2016-03-10,0.7757131457328796,0.7859972351282161,0.7600421996276853,0.7815897432249622,286084000
2016-03-11,0.7889353036880493,0.7891802032062301,0.7779166934949671,0.7872212989553233,277400000
2016-03-14,0.7908942699432373,0.7940774385189694,0.7815896053745089,0.7852625146460892,190312000
2016-03-15,0.7869765162467957,0.7918736896693017,0.7730195778305446,0.7867316750893439,226216000
2016-03-16,0.8104828000068665,0.8131762857216113,0.7774268567551937,0.7810997652848909,363644000
2016-03-17,0.8036268949508667,0.8114623369514165,0.7926082261909349,0.807544645140596,353680000
2016-03-18,0.827867865562439,0.8386416340978213,0.8080342747630184,0.8131763470926707,545512000
2016-03-21,0.8303167223930359,0.8305615636002674,0.8117074479281815,0.8205223735566834,337780000
2016-03-22,0.828847348690033,0.8347239448292567,0.8185632616622093,0.8276230845846947,242012000
2016-03-23,0.8430493474006653,0.8491707858575737,0.8288475074337378,0.8325204172110192,429008000
2016-03-24,0.8442733883857727,0.8457425519080143,0.8327650380930555,0.8354584656312284,244956000
2016-03-28,0.8528435826301575,0.8565164335418531,0.8418249131372452,0.8428043361551032,265388000
2016-03-29,0.8665556907653809,0.8685145368253937,0.8472118378123719,0.8491706838723847,261812000
2016-03-30,0.8756154775619507,0.8876135705175957,0.8692491401414487,0.869738880857993,376700000
2016-03-31,0.8724321722984314,0.8814919362946039,0.8655761536134053,0.8795330904928552,379884000
2016-04-01,0.8851652145385742,0.88565495538284,0.860434440292285,0.8670456206057586,348292000
2016-04-04,0.8765947818756104,0.8971629551217405,0.8731667724608909,0.8925106232709602,393940000
2016-04-05,0.8753705024719238,0.8834508435957633,0.8653312571605108,0.8687593248940382,339568000
2016-04-06,0.8765947818756104,0.877084522525816,0.8479463257428873,0.8643518494095361,453376000
2016-04-07,0.8675351738929749,0.8787986854656002,0.8638623226812895,0.8709631839249259,378104000
2016-04-08,0.8731668591499329,0.8802677781989156,0.8645967763833794,0.8746360228675034,255936000
2016-04-11,0.8785538077354431,0.8930004875592608,0.8756154801852039,0.8783089081869798,387524000
2016-04-12,0.8775743246078491,0.8827163390898788,0.860434159576595,0.881492016568113,292764000
2016-04-13,0.8996115326881409,0.8998563738213607,0.8814919461150256,0.8814919461150256,350716000
2016-04-14,0.902060329914093,0.9059780808554844,0.8934902460811172,0.897163155832084,416564000
2016-04-15,0.9091610312461853,0.917241372376539,0.8988769447951246,0.9018152718894008,436972000
2016-04-18,0.9052432179450989,0.9074469631117029,0.8964282956575844,0.9074469631117029,307320000
2016-04-19,0.8890828490257263,0.9103855513135389,0.8834510927637972,0.9086715461528113,309152000
2016-04-20,0.8925105333328247,0.8978974464266218,0.886633938017074,0.8876133608398823,200172000
2016-04-21,0.8915314674377441,0.8969183826882116,0.8876137161991247,0.8927557318616678,178280000
2016-04-22,0.8881033062934875,0.9005910815172906,0.8851649787683976,0.8944696436785727,223540000
2016-04-25,0.8925105333328247,0.8974077058257671,0.8858993563052425,0.8883479425517138,191972000
2016-04-26,0.8932453393936157,0.9081817601137767,0.8893275887394929,0.8978976719440688,214536000
2016-04-27,0.9135685563087463,0.9140582970005088,0.8893275304552885,0.891041535308089,352396000
2016-04-28,0.8863892555236816,0.9133237692075902,0.8841855682276047,0.9079368547950254,381224000
2016-04-29,0.8699837327003479,0.8846752538299449,0.8604342264524352,0.882716407697565,321904000
2016-05-02,0.8814921975135803,0.8868791126330913,0.8741464360118415,0.8783090283582679,256076000
2016-05-03,0.8709631562232971,0.8751257480409743,0.8633725544826992,0.8714528969461067,224024000
2016-05-04,0.8511295318603516,0.8611687194151694,0.8423146084171145,0.8604341375966571,525764000
2016-05-05,0.8562716245651245,0.8663108714175044,0.8499052871413995,0.8582305290533787,246884000
2016-05-06,0.8650863170623779,0.8672900621291978,0.8530882273148913,0.854802231796118,183240000
2016-05-09,0.8638622760772705,0.8709631369378266,0.8567613568378001,0.8672902859242857,333336000
2016-05-10,0.880512535572052,0.8819816991498216,0.8609238435455433,0.869249025981028,269676000
2016-05-11,0.8829613327980042,0.8927556811487233,0.8783089998177362,0.8832062323720169,328176000
2016-05-12,0.8709631562232971,0.8932453374801123,0.8552922120192917,0.8893275868343821,670540000
2016-05-13,1.003431797027588,1.0039214793394002,0.9549497454234581,0.9596020192802344,2110256000
2016-05-16,1.0330593585968018,1.0479958320595204,0.9926576614390122,0.9958408289956195,973032000
2016-05-17,1.0352634191513062,1.0426091204106374,1.0151849277429807,1.0284072834160298,628392000
2016-05-18,1.061708688735962,1.073706845012875,1.0284078241452397,1.0284078241452397,541072000
2016-05-19,1.0663602352142334,1.073950892754797,1.0560762089395022,1.057545255472071,398880000
2016-05-20,1.0854592323303223,1.0898667221652618,1.0712573984784883,1.0729714028435553,391084000
2016-05-23,1.087173581123352,1.0942744419200008,1.0805624026553473,1.0901119086108713,413636000
2016-05-24,1.1135642528533936,1.1170012818074844,1.0875418196107773,1.0904877775365514,415788000
2016-05-25,1.1088999509811401,1.121665573499512,1.1000620772441543,1.1170012767095283,458076000
2016-05-26,1.1206839084625244,1.1287852359467658,1.107672689080593,1.1108641246671445,309964000
2016-05-27,1.1268208026885986,1.1285392582373488,1.1182284078838436,1.1219109129691691,277416000
2016-05-31,1.1469517946243286,1.1494067990402634,1.130994617103913,1.1317311652531148,412524000
2016-06-01,1.1491609811782837,1.1602081465903227,1.1381136987052258,1.1415506102193294,387132000
2016-06-02,1.1572620868682861,1.1670818656376065,1.1440052801748064,1.1552980374656248,329208000
2016-06-03,1.1410597562789917,1.1474426266080924,1.1209292372786228,1.1459697645884916,461076000
2016-06-06,1.1351677179336548,1.1528433461175551,1.1292758028520158,1.1440054734950966,322512000
2016-06-07,1.1373772621154785,1.1484245456699853,1.1368863081542655,1.142041675930094,193400000
2016-06-08,1.1336948871612549,1.1417962129255865,1.124366059417835,1.1376227530210992,234616000
2016-06-09,1.1631543636322021,1.1648728197725546,1.1273121446350856,1.129767148870472,472168000
2016-06-10,1.1341859102249146,1.1597173910524163,1.1327129311724788,1.1494066547464048,400024000
2016-06-13,1.1486703157424927,1.1710103655323454,1.1354136189189503,1.1354136189189503,475588000
2016-06-14,1.1508796215057373,1.1562804665996202,1.1332039901263486,1.1459697304037424,298344000
2016-06-15,1.1626633405685425,1.1727285998016346,1.1476881902172806,1.1604539305367294,301036000
2016-06-16,1.1673275232315063,1.1692914558771568,1.142778072508339,1.1540708315470973,246456000
2016-06-17,1.1469517946243286,1.1690463661235277,1.1422873798828954,1.168800889094145,471000000
2016-06-20,1.167573094367981,1.1825482429580096,1.1646271366313468,1.1653636845960176,293768000
2016-06-21,1.1604536771774292,1.1756743012023585,1.1587351044532959,1.172482866819275,212508000
2016-06-22,1.1594722270965576,1.1705195144419331,1.1575082935167524,1.1629091401264842,202620000
2016-06-23,1.1904041767120361,1.1916316787006116,1.1697825881358932,1.1705191361534515,297880000
2016-06-24,1.1226474046707153,1.16266307243909,1.1120911938785556,1.1415505337937595,1017684000
2016-06-27,1.1106188297271729,1.1219115946495142,1.0941705779650714,1.1133191946239642,449088000
2016-06-28,1.1268208026885986,1.132958077042132,1.1113545856888434,1.1317306924080281,381920000
2016-06-29,1.1452330350875854,1.1540709081713227,1.1336947983346695,1.1366407560292484,318932000
2016-06-30,1.1540708541870117,1.1611901540650376,1.137868204685765,1.1471969142008638,430940000
2016-07-01,1.1454782485961914,1.1626629198214768,1.1415503839474952,1.147687774889454,218488000
2016-07-05,1.1624177694320679,1.164381702308077,1.1300124672643206,1.1390957007137477,371084000
2016-07-06,1.169782280921936,1.1766562200160713,1.148424266998414,1.1543161813473863,273104000
2016-07-07,1.200223684310913,1.2043971432942417,1.1722373243187867,1.1776381679492656,395400000
2016-07-08,1.2483410835266113,1.2542330000083783,1.208325404386872,1.2129898187580972,481932000
2016-07-11,1.2770637273788452,1.2863924370630802,1.2647889430234034,1.2662619218284972,448776000
2016-07-12,1.2962125539779663,1.3079962693503633,1.2750998932217397,1.2913026628177142,436760000
2016-07-13,1.2957212924957275,1.3060321443596672,1.2937573597324605,1.298667250171139,324604000
2016-07-14,1.3089783191680908,1.3207621528782558,1.291793756775853,1.3025955653231538,316892000
2016-07-15,1.293757677078247,1.299649593874298,1.2726451313071325,1.2922846978792344,428616000
2016-07-18,1.3003861904144287,1.3116789543364706,1.2954762981466308,1.3097150208415644,252992000
2016-07-19,1.3138878345489502,1.3190432013307518,1.2971941154151543,1.2996491188699213,382652000
2016-07-20,1.3310726881027222,1.3381921060645705,1.31290610330741,1.3183069482300613,296460000
2016-07-21,1.3065228462219238,1.3322997953171754,1.302103910561338,1.328126336572011,361308000
2016-07-22,1.3421194553375244,1.3421194553375244,1.301612841358403,1.3111871425771944,315768000
2016-07-25,1.3669148683547974,1.3701063032403997,1.3443293471737692,1.3502212629813524,312528000
2016-07-26,1.3902369737625122,1.3973562746646309,1.3769802799111004,1.378944212877785,514508000
2016-07-27,1.3762435913085938,1.404721026130299,1.3678967892569966,1.4022660223769352,446676000
2016-07-28,1.3791896104812622,1.3895003457586552,1.3750161507388734,1.3794350874553392,221916000
2016-07-29,1.4017748832702637,1.4054572713528282,1.3595498076031036,1.384344733519248,409588000
2016-08-01,1.392691731452942,1.41282236441102,1.383608498427134,1.4076669969540443,301120000
2016-08-02,1.375752568244934,1.400056542288952,1.3624958764138364,1.3993199943755485,282748000
2016-08-03,1.3794351816177368,1.3821356626389762,1.3664239646152776,1.3740343366362933,299828000
2016-08-04,1.4049667119979858,1.4113495822325743,1.3833632142368613,1.3860635782938522,272712000
2016-08-05,1.4287794828414917,1.4295159137094504,1.414295288889135,1.4211691119008247,371588000
2016-08-08,1.4420359134674072,1.4518556922923411,1.4268151743460615,1.448418781409714,305064000
2016-08-09,1.4457186460494995,1.459711886889713,1.4420362573771894,1.4491555577517923,372344000
2016-08-10,1.4363899230957031,1.4606939008071134,1.4317255091436911,1.4584844908555428,375740000
2016-08-11,1.4656035900115967,1.4717409821068757,1.441054138691498,1.4440000962621133,681064000
2016-08-12,1.547598958015442,1.555945760271839,1.4884347942521725,1.51961259349434,1425744000
2016-08-15,1.5461260080337524,1.5588917471565837,1.52525894347228,1.5493174428144603,573304000
2016-08-16,1.536797285079956,1.5463714722822657,1.5321328714341496,1.5439165855040142,287652000
2016-08-17,1.5012003183364868,1.5402340804163879,1.4891711282039006,1.5367971689499345,595212000
2016-08-18,1.5245219469070435,1.5269768327946591,1.4930985647064807,1.4989904781343322,331684000
2016-08-19,1.5284502506256104,1.5399884868552456,1.5171574913492203,1.523785837330904,291560000
2016-08-22,1.534833312034607,1.537042839012795,1.514948271597106,1.5331148560854784,244748000
2016-08-23,1.5472533702850342,1.5573371754241896,1.542826290976357,1.5504506857951792,339764000
2016-08-24,1.523396611213684,1.5534022174122943,1.5162641916126598,1.5526644294301506,298448000
2016-08-25,1.513312816619873,1.5246263867024987,1.4943749682235759,1.5238885987147535,406032000
2016-08-26,1.5256102085113525,1.5342183213466227,1.5051965497571498,1.5172480250032696,300024000
2016-08-29,1.5246262550354004,1.5379073758817952,1.522166844678569,1.5317587913513502,274652000
2016-08-30,1.5157724618911743,1.5307752076282588,1.5115913111398138,1.5226589527505898,285544000
2016-08-31,1.5086400508880615,1.5229050097761905,1.5042130876940047,1.5187239759510522,388544000
2016-09-01,1.5531562566757202,1.5588129829213202,1.508639765571187,1.5098695294599658,428492000
2016-09-02,1.5379074811935425,1.5580752104289086,1.5204453263617532,1.5563535878782147,323148000
2016-09-06,1.5524183511734009,1.5524183511734009,1.535448055162686,1.543318379862126,306812000
2016-09-07,1.5295456647872925,1.5551241971372916,1.5206916205843992,1.5474997998537106,397988000
2016-09-08,1.5406129360198975,1.5430724638182107,1.5106074474516147,1.528069602257329,315808000
2016-09-09,1.463877558708191,1.5322508404579256,1.4510882948878452,1.5236427272237496,697760000
2016-09-12,1.4941288232803345,1.497080209590553,1.4097689705097198,1.4444475837396846,598260000
2016-09-13,1.4724853038787842,1.5076557705934972,1.4641231220734097,1.4904394311518077,471768000
2016-09-14,1.4855210781097412,1.490440017416988,1.4636318392393597,1.475929128869095,319048000
2016-09-15,1.5418429374694824,1.5435645602828545,1.484537174073182,1.4879805369766848,515212000
2016-09-16,1.5455317497253418,1.5556155548765516,1.5278235497461956,1.5472533721346524,902444000
2016-09-19,1.5659456253051758,1.6050512048481307,1.554632054773939,1.5617644747119317,417128000
2016-09-20,1.5516810417175293,1.583900138418195,1.5430729263963965,1.583900138418195,331112000
2016-09-21,1.5952131748199463,1.598164561158725,1.5561075990229691,1.5563535283384113,336212000
2016-09-22,1.5991486310958862,1.6094784855597524,1.5900486580339408,1.6045595463358795,308732000
2016-09-23,1.5974265336990356,1.6057887161678688,1.5902941149900467,1.6011158249785689,276132000
2016-09-26,1.5824236869812012,1.5888183173795134,1.562502007944945,1.579226371782045,230040000
2016-09-27,1.636531949043274,1.6389914763263171,1.57553715011042,1.5762749379293035,402752000
2016-09-28,1.6424353122711182,1.6436650763555745,1.6215297919423943,1.6389920666560471,319788000
2016-09-29,1.6576837301254272,1.6628487150207576,1.6244809259511026,1.6397295994836185,336684000
2016-09-30,1.6852301359176636,1.7017085754025385,1.6569461492272326,1.6667840270473595,429932000
2016-10-03,1.683508038520813,1.7095785382144835,1.6805567696226567,1.6852297781867709,242596000
2016-10-04,1.6798192262649536,1.7142517987428494,1.6672758909582848,1.6859679292409095,281624000
2016-10-05,1.6780973672866821,1.7113002883169646,1.6729324997335462,1.6940839458631065,305440000
2016-10-06,1.6562081575393677,1.6682595153404804,1.6296457968693852,1.6579297800823838,360212000
2016-10-07,1.6441562175750732,1.671702287751398,1.6394832099148289,1.6672752093453709,286260000
2016-10-10,1.6503053903579712,1.661618960226869,1.6348106701406098,1.6527648008807365,287876000
2016-10-11,1.6264485120773315,1.6473540295920934,1.613905178113126,1.644894619030985,388540000
2016-10-12,1.633826732635498,1.6424348442200887,1.6062806582880835,1.6198077075319721,419920000
2016-10-13,1.607264518737793,1.6183321587770492,1.5666832501116765,1.6146429845228756,390116000
2016-10-14,1.6230051517486572,1.638007895209297,1.613413204959871,1.6269402552778718,330636000
2016-10-17,1.613659381866455,1.6380081465409064,1.611445900451233,1.6227594714295666,195328000
2016-10-18,1.638254165649414,1.647600185073312,1.6294001222266614,1.6360406841129156,269372000
2016-10-19,1.634810209274292,1.642434602571293,1.6188236349144713,1.6271859332539986,199060000
2016-10-20,1.6657999753952026,1.6712108895852649,1.6306296195434948,1.6539945470039803,312084000
2016-10-21,1.6611273288726807,1.6640785984484785,1.6453866771768952,1.659897564804657,279508000
2016-10-24,1.739092230796814,1.7410597825618044,1.672194532573263,1.672440579161029,339836000
2016-10-25,1.7676219940185547,1.7781977751472149,1.7277786316786412,1.7361408144928183,397460000
2016-10-26,1.7747547626495361,1.7941845877496836,1.7511437869565383,1.7528654096061245,333792000
2016-10-27,1.7383543252944946,1.7917248559116958,1.7312219061688288,1.7882816110043582,388664000
2016-10-28,1.735403299331665,1.773279115893677,1.7322059832875294,1.7467168701588571,290856000
2016-10-31,1.7501602172851562,1.761719718129735,1.7400762925989537,1.7410601273146282,252388000
2016-11-01,1.6982649564743042,1.7661463688732935,1.6795729223600628,1.7565544225162584,473224000
2016-11-02,1.6911327838897705,1.7344195164505525,1.688181397102961,1.7113005154151335,295848000
2016-11-03,1.6714565753936768,1.7004783421380192,1.6389915640900694,1.6990026491445167,309664000
2016-11-04,1.6618647575378418,1.690394667906727,1.637515997185282,1.660389064430711,328780000
2016-11-07,1.7528653144836426,1.7639329550742309,1.7093326573749237,1.7105624212798203,487580000
2016-11-08,1.7501602172851562,1.76516296371946,1.733927706775449,1.7595061193386567,429884000
2016-11-09,1.720646619796753,1.7437657408310177,1.6901492654802441,1.702692484885918,456532000
2016-11-10,1.6667838096618652,1.7585221315104342,1.6419431889973246,1.7582762021885188,869280000
2016-11-11,2.1635971069335938,2.1832728605810137,1.9306851444426099,1.955525883107709,2175344000
2016-11-14,2.0571024417877197,2.1690083980539097,2.0566105830441175,2.166548869782372,1348796000
2016-11-15,2.119818925857544,2.150808136523548,2.0642346679524657,2.0730888286656883,626092000
2016-11-16,2.2536139488220215,2.276486902444628,2.12375387286348,2.1481026371057066,987984000
2016-11-17,2.272305488586426,2.331332740264845,2.229510508293796,2.2703378197090993,832988000
2016-11-18,2.2961628437042236,2.320019514203838,2.257795052147893,2.2723059386511144,576060000
2016-11-21,2.286816120147705,2.3205108920412703,2.272551050104735,2.3141162620866274,436436000
2016-11-22,2.3032944202423096,2.3055079008739963,2.2720591757534834,2.2946863097005172,330368000
2016-11-23,2.3146259784698486,2.3461541798527614,2.285068157539486,2.3084679522939315,443236000
2016-11-25,2.319305658340454,2.3424592697356044,2.3008318173145406,2.3257098637202605,195564000
2016-11-28,2.3180739879608154,2.333591788476869,2.305511757624795,2.3121623777914695,278736000
2016-11-29,2.296891450881958,2.3262030956119846,2.279156849923617,2.315365062060771,444568000
2016-11-30,2.2710275650024414,2.3193053974421654,2.2685643551554526,2.3055115632418013,440500000
2016-12-01,2.158707857131958,2.270288735077855,2.0880154202314705,2.2685645350291757,1035524000
2016-12-02,2.178659677505493,2.187280678520027,2.0966366080163685,2.1244702262510033,478292000
2016-12-05,2.2631452083587646,2.281126216363799,2.192206366258063,2.216591578548641,602284000
2016-12-06,2.300339698791504,2.3087145209863635,2.2555102518463337,2.2712744710395016,498796000
2016-12-07,2.3417201042175293,2.3473852992029913,2.2685644597038044,2.2867918845450754,480804000
2016-12-08,2.302556037902832,2.379899098192397,2.291964657103459,2.34467608574246,381544000
2016-12-09,2.2616679668426514,2.3220152096416515,2.2343269433205117,2.320291009416099,382312000
2016-12-12,2.2067391872406006,2.2156066020836382,2.15624455798341,2.213143392143134,601332000
2016-12-13,2.2456576824188232,2.2732451252023838,2.218070474539962,2.219055664848579,387796000
2016-12-14,2.3757121562957764,2.3919689690094366,2.255510026329355,2.2794026503031692,983980000
2016-12-15,2.4313793182373047,2.461676147313256,2.3794066612646034,2.3867960572889664,746548000
2016-12-16,2.473253011703491,2.4803959929020114,2.407240336307974,2.458966579497112,1089528000
2016-12-19,2.503303289413452,2.5235010965287312,2.438522222748842,2.455764459470852,744656000
2016-12-20,2.5904996395111084,2.614145853206704,2.5646363950806936,2.5759670241857977,848056000
2016-12-21,2.6067562103271484,2.609712016124218,2.5545373660867443,2.6020762040571794,576136000
2016-12-22,2.6382839679718018,2.6816353836323272,2.6239975378224005,2.6311407528971014,718612000
2016-12-23,2.704049825668335,2.7055278455512117,2.6175931794679443,2.620302569380389,647692000
2016-12-27,2.889772415161133,2.890757605369176,2.7395198679148027,2.760210506616437,1194272000
2016-12-28,2.690995931625366,2.954060753012661,2.6772023286451674,2.945932346270089,2295764000
2016-12-29,2.744692325592041,2.746170345731629,2.532122163046574,2.5838484047435557,2175368000
2016-12-30,2.6291706562042236,2.756762188135057,2.618332858878756,2.7427221701810103,1212932000
2017-01-03,2.5126633644104004,2.6200568432898743,2.447882296094783,2.5715325870748407,1501996000
2017-01-04,2.5712859630584717,2.5986269818622083,2.500839711150187,2.546900749117676,1199220000
2017-01-05,2.506012201309204,2.6065088575391235,2.489016382816928,2.57473425028326,984296000
2017-01-06,2.5395121574401855,2.5678383751871556,2.492712094732003,2.533354130818216,822856000
2017-01-09,2.6424715518951416,2.660206384843895,2.5493645010805395,2.5493645010805395,916248000
2017-01-10,2.6225194931030273,2.6895171074991024,2.6018288599122057,2.655525705328243,880920000
2017-01-11,2.5902528762817383,2.6158697022188755,2.565375060490203,2.610943516025796,525664000
2017-01-12,2.5478858947753906,2.5789217278439946,2.5030564625227933,2.567344923542483,625616000
2017-01-13,2.547639846801758,2.5863112564914488,2.5385260169502115,2.551827021839229,457820000
2017-01-17,2.490494728088379,2.5419745503593694,2.4771937225011595,2.537048365095968,580612000
2017-01-18,2.5358176231384277,2.5427144257973535,2.44123253182288,2.469066157512712,654424000
2017-01-19,2.5902528762817383,2.62227390870316,2.536556248763267,2.5387730442953873,644872000
2017-01-20,2.5619258880615234,2.6306479382870926,2.540003884550362,2.6129131095622804,492024000
2017-01-23,2.588528633117676,2.6084802623865437,2.5542908057297202,2.556754016237913,369904000
2017-01-24,2.643702745437622,2.649860770462901,2.5838481046387987,2.5986271297948322,428052000
2017-01-25,2.655033588409424,2.692227216957473,2.6190715649674945,2.6860691914268755,522760000
2017-01-26,2.7008492946624756,2.7082386933407947,2.6281862087622136,2.65774403838024,458800000
2017-01-27,2.7530665397644043,2.756022344487354,2.6811425062833947,2.7077445138853284,471996000
2017-01-30,2.7099616527557373,2.734346868637537,2.6579892358301107,2.7321300735400356,496004000
2017-01-31,2.6892712116241455,2.7107006220862115,2.6651321761683286,2.6836060164811637,362756000
2017-02-01,2.8067641258239746,2.8109513016243337,2.7060210284243396,2.7237556265393312,590004000
2017-02-02,2.8422327041625977,2.850853938700657,2.7602098827183075,2.7907528864060027,483240000
2017-02-03,2.817354679107666,2.854794714534433,2.8055316954765326,2.84371050588333,372744000
2017-02-06,2.889525890350342,2.890018485435644,2.807995413663829,2.807995413663829,506768000
2017-02-07,2.9343557357788086,2.978446173196704,2.9040589022671375,2.9237641178202294,746224000
2017-02-08,2.9215469360351562,2.938788938639045,2.866618472889719,2.9163743352539897,449580000
2017-02-09,2.8666188716888428,2.9326315556645426,2.847406486060097,2.927705134289695,842568000
2017-02-10,2.798635244369507,2.973026330033305,2.773511019308627,2.9540601299359235,1651092000
2017-02-13,2.6695661544799805,2.807502635358754,2.6651323291922826,2.792970024219749,1180724000
2017-02-14,2.6794180870056152,2.7131633061664897,2.6180854376580274,2.6599590604151833,850632000
2017-02-15,2.6848371028900146,2.704542311230503,2.654294100433641,2.682374128025913,373020000
2017-02-16,2.641732931137085,2.695675973426556,2.602568682264208,2.6944443681577255,647176000
2017-02-17,2.6412391662597656,2.645672990639175,2.581138353803043,2.6281845778591673,563740000
2017-02-21,2.7358250617980957,2.7397660572102747,2.665624979903083,2.665871394887131,551952000
2017-02-22,2.7316317558288574,2.7572809023813414,2.712641386630731,2.7479090807409285,433772000
2017-02-23,2.4783473014831543,2.623856836474202,2.4583707281715945,2.601907160830117,1592888000
2017-02-24,2.502270221710205,2.515588016408721,2.360213431324501,2.394001252482252,1029904000
2017-02-27,2.5750248432159424,2.5900690134760476,2.5047363949378605,2.5205205079717303,715400000
2017-02-28,2.502762794494629,2.5945079185443087,2.4854990345502945,2.584642644060587,625360000
2017-03-01,2.53507137298584,2.574038319828025,2.4936381071179294,2.559733857639716,504804000
2017-03-02,2.4415993690490723,2.5363040249975715,2.4388865597842693,2.5222462916051653,754332000
2017-03-03,2.427541732788086,2.4359268860392334,2.373037178250825,2.4309944844563938,864692000
2017-03-06,2.4087986946105957,2.4194036781999473,2.3471421305251865,2.3912882059494223,883568000
2017-03-07,2.435187578201294,2.4546711692945355,2.395974140433138,2.4087987171726786,603400000
2017-03-08,2.4307479858398438,2.49832361081164,2.428528393159955,2.4835259342772327,638712000
2017-03-09,2.4302544593811035,2.4526973444630733,2.402138995150036,2.4147170774012787,478060000
2017-03-10,2.44455885887146,2.4684816307476436,2.426308666554324,2.4566437253746276,499740000
2017-03-13,2.511888265609741,2.5217533054392867,2.454177676766404,2.454917619433923,774136000
2017-03-14,2.510162830352783,2.534085378624978,2.477854654040862,2.5247137871952843,522016000
2017-03-15,2.5291521549224854,2.540003628725611,2.4741543727995414,2.5217534334749505,615036000
2017-03-16,2.5602266788482666,2.5607201307380754,2.525699158627134,2.5397568926604914,523100000
2017-03-17,2.615964651107788,2.6171978105493037,2.560226926276412,2.57773741402415,1119688000
2017-03-20,2.699323892593384,2.7032700964963587,2.617444042424654,2.633474878377626,748568000
2017-03-21,2.61201810836792,2.7119018933784242,2.604126171206138,2.682060050283338,913484000
2017-03-22,2.665290355682373,2.6699762683638815,2.596974767978702,2.600920737815457,616764000
2017-03-23,2.641120195388794,2.677374328188764,2.63150188159349,2.6573975227355398,533940000
2017-03-24,2.650491952896118,2.6953779649669403,2.624596312394352,2.687486027442905,439500000
2017-03-27,2.6697287559509277,2.673674724625355,2.554554310559216,2.6038795069922758,506644000
2017-03-28,2.6559176445007324,2.6855127612073795,2.645559388933568,2.6709618111865305,432444000
2017-03-29,2.6472861766815186,2.675648138537329,2.645066583743422,2.6633167791909846,349992000
2017-03-30,2.6980912685394287,2.712888948108521,2.648766061977683,2.654438407812028,525532000
2017-03-31,2.68649959564209,2.710175880703233,2.673428528865606,2.6884726977975566,440808000
2017-04-03,2.672935724258423,2.704257226398714,2.6492594355467087,2.686993461880715,445232000
2017-04-04,2.485499382019043,2.575271416681744,2.474647907851456,2.5501154806738917,1271280000
2017-04-05,2.4670023918151855,2.5247129839277007,2.4539310898199984,2.466755665845002,747048000
2017-04-06,2.4850053787231445,2.497090008548617,2.4270480773787777,2.472180806401936,635120000
2017-04-07,2.4744009971618652,2.508928754501071,2.4593568289158205,2.491418267473418,429068000
2017-04-10,2.411264657974243,2.4817995837764153,2.407071963313,2.4751408056683455,756332000
2017-04-11,2.4198968410491943,2.4391337055497453,2.3762439833596125,2.3811763860719704,618148000
2017-04-12,2.3999199867248535,2.4342010198669835,2.394740858138009,2.4198967935606213,414092000
2017-04-13,2.3550331592559814,2.39745284202345,2.3550331592559814,2.3757499016686756,506892000
2017-04-17,2.4472720623016357,2.4475185530456507,2.3626791672883125,2.3678582953257292,497292000
2017-04-18,2.4487524032592773,2.454918201615646,2.407072641255321,2.432968288748595,370116000
2017-04-19,2.4583706855773926,2.4904318927171865,2.4517116711214904,2.4662626243684826,380828000
2017-04-20,2.497337579727173,2.5020234917844757,2.4517116186640817,2.4729215859131624,404016000
2017-04-21,2.5076963901519775,2.5104092005511554,2.475141724557127,2.4869796350999587,341896000
2017-04-24,2.539017677307129,2.5520887465060578,2.518301159240377,2.539264168121547,371820000
2017-04-25,2.5831634998321533,2.59771445326342,2.532111917427866,2.5535683761890717,388440000
2017-04-26,2.565406560897827,2.599194145318374,2.5634334585428356,2.596728061376058,327004000
2017-04-27,2.6053597927093506,2.6137449480312336,2.554801429194126,2.5728051345395255,319700000
2017-04-28,2.5723118782043457,2.6053597526257053,2.566639297549054,2.5984542476899994,348248000
2017-05-01,2.6300220489501953,2.635201412483449,2.5760109375996976,2.5831631680017098,307732000
2017-05-02,2.5520880222320557,2.60437298979295,2.5293984080834004,2.6031398304673488,629972000
2017-05-03,2.5710787773132324,2.58069709220683,2.53038545429969,2.5451828980130906,336904000
2017-05-04,2.5612142086029053,2.5883430172128152,2.553322033326508,2.5772448147812224,209788000
2017-05-05,2.5614607334136963,2.5686129659025676,2.5340851984127197,2.5496228231437965,228428000
2017-05-08,2.534578323364258,2.5747781971691674,2.523233396218451,2.5732985467768326,365240000
2017-05-09,2.538771152496338,2.5878498765884506,2.5318656459268065,2.5402510383047674,847672000
2017-05-10,2.9913299083709717,3.0044012114819765,2.8120327898867115,2.818691569236701,2129096000
2017-05-11,3.1198220252990723,3.21674629196327,2.9572954609433983,2.960748213453476,1939792000
2017-05-12,3.1541035175323486,3.1962767317152867,3.1020654963465564,3.1230287404302293,962620000
2017-05-15,3.312436819076538,3.314903137813007,3.1908500807416007,3.1952895015074647,1087540000
2017-05-16,3.3740925788879395,3.3896301950948344,3.2890067193978623,3.3634875989882604,1120700000
2017-05-17,3.149911403656006,3.326002532224352,3.1457187073374584,3.307258879412857,1271368000
2017-05-18,3.281855344772339,3.2907339513149165,3.133386293148285,3.1938096924275974,1156032000
2017-05-19,3.3576500415802,3.412458533939598,3.3383929146354374,3.383079224984023,1018372000
2017-05-22,3.429246425628662,3.4435657167340294,3.3904851921445487,3.4013483299681746,836608000
2017-05-23,3.3830788135528564,3.451219353966947,3.350489869678676,3.4489974233298586,681248000
2017-05-24,3.4210996627807617,3.482821167726558,3.4090020651030732,3.480105265170902,815996000
2017-05-25,3.413445472717285,3.457144300692912,3.368512186638251,3.456403578741106,608228000
2017-05-26,3.501830816268921,3.5867595612348913,3.385053850802918,3.405298446956085,779140000
2017-05-30,3.5766375064849854,3.611695131123282,3.531704216065452,3.5477517020622984,989652000
2017-05-31,3.5637989044189453,3.62922353254832,3.5070150116919137,3.6215700339519397,887316000
2017-06-01,3.5640456676483154,3.5805871229437503,3.518618647481913,3.579599415236621,503340000
2017-06-02,3.5462698936462402,3.587252816641871,3.5403445893592407,3.5610829189149484,487456000
2017-06-05,3.6541590690612793,3.6669971505063716,3.5183719770558524,3.529975600425593,817376000
2017-06-06,3.637617826461792,3.6956359429535923,3.6242860089583315,3.6494682001044225,758728000
2017-06-07,3.68156361579895,3.7003270027926822,3.6465059935381743,3.6620597422809085,612612000
2017-06-08,3.9486939907073975,3.9501751990423903,3.7474818096548534,3.788711718088691,1161744000
2017-06-09,3.6934146881103516,4.160029327867165,3.5242976690780807,4.0672003245025214,3692928000
2017-06-12,3.702549457550049,3.7452608204997535,3.5084972254278908,3.6015732161543177,1697532000
2017-06-13,3.73785400390625,3.8210545568458723,3.5958943701371346,3.8119196131524307,1672504000
2017-06-14,3.7457544803619385,3.803525856843166,3.6662572972586758,3.7408168826565102,1184640000
2017-06-15,3.761801242828369,3.7921680142733534,3.616878984652616,3.628235856740392,963824000
2017-06-16,3.7432854175567627,3.819326444109943,3.7092152648288113,3.771430500359427,924960000
2017-06-19,3.8840107917785645,3.8891953753798867,3.7837750379219757,3.787478177380722,778176000
2017-06-20,3.8783321380615234,3.9931341673458123,3.8741352624780547,3.926228083009158,1095444000
2017-06-21,3.9370903968811035,3.940793771140397,3.844014423293209,3.9059829007187394,682652000
2017-06-22,3.90993332862854,3.9585699921218,3.8859853578814496,3.9452379379336686,469132000
2017-06-23,3.797847270965576,3.933387626538738,3.7827870221696007,3.9175868911805813,1088588000
2017-06-26,3.7563705444335938,3.866234739580205,3.662060099547122,3.8306831422364307,1063960000
2017-06-27,3.6188554763793945,3.7474830772020784,3.6131771560014383,3.73884210370326,999492000
2017-06-28,3.7464959621429443,3.75118681041118,3.5983642337602975,3.686502642756328,994948000
2017-06-29,3.621323823928833,3.7210656000053546,3.5571334088160396,3.7181031827990707,1064424000
2017-06-30,3.568983554840088,3.6521840978310562,3.542813656000619,3.638605294550146,731060000
2017-07-03,3.4398627281188965,3.5958946810297383,3.4213463242064663,3.5810816520793343,709072000
2017-07-05,3.5317041873931885,3.560589756132536,3.484301980913183,3.503312119400299,820188000
2017-07-06,3.542320728302002,3.589229206851083,3.4504791872306777,3.5025722499169403,746284000
2017-07-07,3.6232988834381104,3.641568536148228,3.576143660737203,3.599104160679019,654972000
2017-07-10,3.79463791847229,3.802044432793964,3.670701178121508,3.6968710818103463,958492000
2017-07-11,3.848459482192993,3.856112982974119,3.7563709578586155,3.798341601501081,757956000
2017-07-12,4.012143611907959,4.024240971242303,3.86524663480761,3.9082047392309214,1145208000
2017-07-13,3.965730667114258,4.105714922094551,3.9193161561919427,4.024242542093086,1369132000
2017-07-14,4.072384834289551,4.073865807496807,3.9751115002918125,3.982024278251278,941948000
2017-07-17,4.055102348327637,4.135340486423277,3.993380848530274,4.106454681365219,930792000
2017-07-18,4.097320556640625,4.111886835598346,3.982271298286392,3.994121910132964,776640000
2017-07-19,4.076087951660156,4.132871619134421,4.063990590296368,4.106454730261428,687044000
2017-07-20,4.135341167449951,4.135587917871247,4.046709263736524,4.096580160907767,699596000
2017-07-21,4.150153636932373,4.17978016490392,4.100529496891086,4.114849024652141,648332000
2017-07-24,4.102011680603027,4.1669428325618325,4.09139576123543,4.157314385821712,652524000
2017-07-25,4.082259654998779,4.09657918127138,4.03856082509411,4.079050016698472,496556000
2017-07-26,4.129415512084961,4.195334128127012,4.094604398816335,4.139784679676103,640404000
2017-07-27,3.9931349754333496,4.165955401193334,3.889936550475543,4.154351538185564,782856000
2017-07-28,4.058559417724609,4.08300136554048,3.93240096554613,3.9573361787571875,513348000
2017-07-31,4.012143611907959,4.108182235556102,3.9654823687612035,4.072136907895273,559672000
2017-08-01,4.0610270500183105,4.0627552442213535,3.974864090210139,4.002761947802803,431384000
2017-08-02,4.058559417724609,4.0960862013744,3.9815313761510276,4.092136311030897,478444000
2017-08-03,4.110157012939453,4.113860151088034,4.041028785148266,4.058063974067783,442420000
2017-08-04,4.128180980682373,4.198790203544708,4.110158313944947,4.132871592428813,589096000
2017-08-07,4.2550811767578125,4.2555746776153995,4.147685407114341,4.15731432461046,717412000
2017-08-08,4.2044677734375,4.309640861043506,4.165212810603996,4.2930996422693335,755336000
2017-08-09,4.249154090881348,4.251623006828736,4.13953667148467,4.158300055966766,530784000
2017-08-10,4.06719970703125,4.262733350423398,4.057077291830358,4.250388769362205,1328088000
2017-08-11,3.850433588027954,3.925486899777949,3.7751335259220133,3.879566140548919,1497196000
2017-08-14,4.157559871673584,4.1612630106247055,3.9304247550181044,3.942028378932659,1279020000
2017-08-15,4.122502326965332,4.188914437256059,4.088185188781027,4.162744770459658,764532000
2017-08-16,4.077320575714111,4.1610150709087215,4.044978864930238,4.13756107942618,596632000
2017-08-17,3.9864680767059326,4.085963104391966,3.984246381481298,4.06892838104496,525444000
2017-08-18,3.987208366394043,4.057818052219547,3.9412876074759677,4.040782859822077,601204000
2017-08-21,3.929190158843994,4.023006854640392,3.8852445809962997,4.011650216931008,623672000
2017-08-22,4.016666412353516,4.02259693668804,3.946489169478216,3.9657632557373135,450456000
2017-08-23,4.096973419189453,4.108093088507074,3.974657056695623,3.983306107331306,579520000
2017-08-24,4.081897735595703,4.133542687711467,4.055458076508576,4.129094445305957,469700000
2017-08-25,4.0478010177612305,4.116248766727498,4.041376087899853,4.106117436599844,357200000
2017-08-28,4.076463222503662,4.079675686175022,4.011227964041192,4.066826302801743,389496000
2017-08-29,4.0697922706604,4.091537676061606,4.009499177519073,4.0176538223725915,324096000
2017-08-30,4.094007968902588,4.105127637065653,4.059166216308404,4.089559724587621,384400000
2017-08-31,4.186918258666992,4.190871624798868,4.10685693875097,4.1142697359043,612684000
2017-09-01,4.212124824523926,4.247707966229315,4.190873820837016,4.199522874234929,445432000
2017-09-05,4.099691867828369,4.165668515897643,4.04162289701956,4.16072633543792,695364000
2017-09-06,4.0972208976745605,4.146394793459077,4.062379608430646,4.132557064816129,397672000
2017-09-07,4.116247177124023,4.148617367661026,4.075969311147965,4.114023055035759,352868000
2017-09-08,4.044836044311523,4.11946129382313,4.02062001298613,4.10463521952568,498856000
2017-09-11,4.176047325134277,4.186673061559361,4.085113267277422,4.090549854975952,567444000
2017-09-12,4.191118240356445,4.2007551575499615,4.1258829988741255,4.2007551575499615,411488000
2017-09-13,4.209898948669434,4.2388097058052345,4.1335440276576225,4.165914215800039,580960000
2017-09-14,4.185930252075195,4.264014895173297,4.146393759720119,4.170856746382945,513712000
2017-09-15,4.4505791664123535,4.4505791664123535,4.2662399621754545,4.271429110845419,1364792000
2017-09-18,4.63442325592041,4.724616396033959,4.567952675307166,4.574871539143307,1684460000
2017-09-19,4.629481792449951,4.691257635012401,4.56202239515834,4.584014768553489,874280000
2017-09-20,4.592168807983398,4.6806317629302345,4.551890933416672,4.63318805673767,724920000
2017-09-21,4.466640949249268,4.514579067439254,4.388803249103814,4.488385885529464,1075600000
2017-09-22,4.423150062561035,4.504941591679999,4.413266173214753,4.455273763389031,491232000
2017-09-25,4.225467681884766,4.3934980473288325,4.204711089490155,4.392262266555475,874580000
2017-09-26,4.249187469482422,4.415241079738069,4.209404017862372,4.36013715805095,1125620000
2017-09-27,4.342345237731934,4.355689023878205,4.268708389048647,4.3396271812645155,713720000
2017-09-28,4.341111183166504,4.353466160247002,4.293667015438143,4.349512322498917,435244000
2017-09-29,4.417466640472412,4.441188255871013,4.379906826951018,4.425126878001439,619092000
2017-10-02,4.423150062561035,4.496786947005479,4.37372967320511,4.467628742899948,503480000
2017-10-03,4.43229341506958,4.462192995824914,4.388061698700681,4.429327918102217,390332000
2017-10-04,4.469358444213867,4.491597784310326,4.401899049746309,4.438470524225703,427848000
2017-10-05,4.466887950897217,4.497281939702499,4.436988368714201,4.493822507283587,437364000
2017-10-06,4.479982852935791,4.493326642972605,4.423149204116236,4.439211051412951,318800000
2017-10-09,4.581048965454102,4.614161007149303,4.498022129256416,4.516802036926859,563492000
2017-10-10,4.668522357940674,4.767857985811427,4.62725615387427,4.730298180264579,974876000
2017-10-11,4.7181901931762695,4.719672941115634,4.639117215654637,4.685078159965828,529508000
2017-10-12,4.720417022705078,4.771320175137326,4.693235494348712,4.721652332488371,528292000
2017-10-13,4.808383941650391,4.818515269375385,4.735735874310858,4.7826851709240685,628728000
2017-10-16,4.89091682434082,4.8938823211764655,4.775025377676239,4.8382839686308765,576640000
2017-10-17,4.886468410491943,4.914885237780078,4.8518740940215555,4.870159593968444,478596000
2017-10-18,4.882267475128174,4.896105201348992,4.7770017802877485,4.895364298569049,567316000
2017-10-19,4.887704372406006,4.892646081147773,4.755504119491041,4.804677538485304,570772000
2017-10-20,4.865464210510254,4.931934777138172,4.8565681936553196,4.904753734063156,451620000
2017-10-23,4.858546257019043,4.913650198803454,4.838283601221757,4.887210053484048,428696000
2017-10-24,4.909449100494385,4.911178816310077,4.841742744771415,4.867688482006802,407244000
2017-10-25,4.785402297973633,4.922792143254501,4.723873912073283,4.869911863805356,828160000
2017-10-26,4.83556604385376,4.847179649947003,4.789110676856214,4.813079734584306,322744000
2017-10-27,4.9880290031433105,4.988275970783927,4.8617587845692425,4.887704997514989,572192000
2017-10-30,5.036955833435059,5.0925537206736795,4.972214487069676,4.988029372172691,504056000
2017-10-31,5.110344409942627,5.1370315231905135,5.063147673041896,5.068831227404192,411908000
2017-11-01,5.119979381561279,5.188427090209106,5.055732477353216,5.173106620208099,502576000
2017-11-02,5.0888447761535645,5.135053156127316,5.032258103947688,5.0903275239901795,342308000
2017-11-03,5.156798839569092,5.156798839569092,5.074019457087365,5.119980404965196,353640000
2017-11-06,5.180026531219482,5.188675109374228,5.107625442291994,5.119980419281013,389944000
2017-11-07,5.23933219909668,5.260830635825434,5.190653185217329,5.202761196783113,427700000
2017-11-08,5.168414115905762,5.2385915701835755,5.120970408938795,5.234884699185342,522988000
2017-11-09,5.073524475097656,5.0984818650593136,4.951208614662377,5.072289166067204,978564000
2017-11-10,5.3408918380737305,5.403409049160257,5.229448175438474,5.265278273981351,1253256000
2017-11-13,5.2541584968566895,5.3663430600236115,5.238838021739248,5.340891728675032,582376000
2017-11-14,5.292459487915039,5.307779963827318,5.219563979179031,5.263301284420636,529292000
2017-11-15,5.188676834106445,5.238592107735747,5.1348086640687,5.237356326838771,501948000
2017-11-16,5.228954315185547,5.292954281241875,5.220058767179072,5.262807733761844,441768000
2017-11-17,5.222776412963867,5.321370692723106,5.207703376069449,5.286034999809026,515664000
2017-11-20,5.289987564086914,5.302095572734255,5.2015241623324835,5.238342594700005,396100000
2017-11-21,5.338666915893555,5.350280990188202,5.297895114700184,5.329771370149006,399176000
2017-11-22,5.314681529998779,5.365867635602309,5.282041237867735,5.365867635602309,356640000
2017-11-24,5.3648786544799805,5.365868154516297,5.30652173432101,5.331002191606526,180752000
2017-11-27,5.2951483726501465,5.374771071704317,5.291933675919567,5.373534903844743,422896000
2017-11-28,5.210331439971924,5.309736098028161,5.149254577634785,5.300339621388629,512752000
2017-11-29,4.856977939605713,5.195744588737599,4.728641903735444,5.193024641662327,1396788000
2017-11-30,4.963057041168213,5.011770347821256,4.862663814134601,4.925718740855473,823768000
2017-12-01,4.8881330490112305,4.948715643130709,4.759302771986435,4.928438908139276,811548000
2017-12-04,4.615635871887207,4.952919097256683,4.5622245626825855,4.946736844099361,1240844000
2017-12-05,4.642342567443848,4.76499108341061,4.4652937016281955,4.510297571673028,981488000
2017-12-06,4.679927825927734,4.701687868467153,4.5706319198672025,4.591897683962394,467032000
2017-12-07,4.747433662414551,4.78724524458588,4.701193158934656,4.746691773102073,542600000
2017-12-08,4.735069751739502,4.816423356338265,4.726662302332996,4.797382789750694,466876000
2017-12-11,4.813455104827881,4.8164226614324726,4.7333381510984776,4.749163547524173,372748000
2017-12-12,4.718996524810791,4.793179315896136,4.695505567035592,4.769935497315712,455016000
2017-12-13,4.603764533996582,4.761278445223361,4.596346116500195,4.760042278127041,554280000
2017-12-14,4.610937118530273,4.681905211192046,4.564696622084144,4.597336917029686,438164000
2017-12-15,4.736799716949463,4.757076447130137,4.589918407636639,4.654951850396986,670036000
2017-12-18,4.893572807312012,4.896539892444986,4.74768050971496,4.777353247603367,477704000
2017-12-19,4.849311351776123,4.889370074855586,4.820874775681108,4.884177321089708,373100000
2017-12-20,4.866372585296631,4.897776241922263,4.810735610139797,4.8886273753593645,288820000
2017-12-21,4.843870639801025,4.894809140269117,4.835463190847347,4.86983440424061,300904000
2017-12-22,4.828539848327637,4.837936326330686,4.729135175846854,4.807026946096393,466276000
2017-12-26,4.882197380065918,4.889862938880074,4.743228764758515,4.773149110886078,355080000
2017-12-27,4.875521659851074,4.944758839848784,4.854256368935231,4.868845599859197,329488000
2017-12-28,4.881208419799805,4.930168858243702,4.875026639157624,4.899259483393166,240248000
2017-12-29,4.784770965576172,4.907419427556818,4.784770965576172,4.907419427556818,279964000
2018-01-02,4.929427146911621,4.933136592742436,4.809499088880617,4.841149882372587,355616000
2018-01-03,5.253850936889648,5.284266028205134,5.038227238953254,5.046881824700046,914704000
2018-01-04,5.281545162200928,5.39183004377349,5.259290380275867,5.335204060908091,583268000
2018-01-05,5.3263044357299805,5.363642735542454,5.219481346066021,5.296384085056044,580124000
2018-01-08,5.489505767822266,5.563688086992966,5.4049374711935725,5.449941801379268,881216000
2018-01-09,5.488020896911621,5.53450852464614,5.406420173411756,5.494944566078908,497000000
2018-01-10,5.531047821044922,5.534509656336437,5.341140686762291,5.395541023006058,582664000
2018-01-11,5.540938854217529,5.595092049367035,5.51942548235791,5.563687922009804,406032000
2018-01-12,5.513738632202148,5.56344096542708,5.4731856372155345,5.5290697517843315,359916000
2018-01-16,5.442770481109619,5.62575394251092,5.358202656724877,5.540197089718123,702348000
2018-01-17,5.556764125823975,5.5666548810975875,5.363395167410239,5.457359464888025,538408000
2018-01-18,5.549841403961182,5.604241746360774,5.506320847057665,5.537477368206907,408632000
2018-01-19,5.690044403076172,5.714277245117685,5.613142153302041,5.640094940848681,609380000
2018-01-22,5.778568267822266,5.7802991849528595,5.640341564856865,5.69795658004929,550944000
2018-01-23,5.907647609710693,5.930396677317086,5.813435700048477,5.831981043319841,475228000
2018-01-24,5.830746650695801,5.94671863488974,5.775109660665917,5.910863633354947,579972000
2018-01-25,5.844344615936279,5.9284181527228945,5.829508248162061,5.885144745225285,409884000
2018-01-26,6.016943454742432,6.017190593944492,5.875254871411579,5.8881131845141965,516356000
2018-01-29,6.103982925415039,6.135139909601689,5.949683669249021,6.002353079265154,455116000
2018-01-30,6.001859664916992,6.093351638038892,5.895284182114487,5.962048556692113,570832000
2018-01-31,6.078020095825195,6.163824559687828,6.044637910852385,6.0772782066071755,478576000
2018-02-01,5.946964740753174,6.10522109285371,5.886629757073449,5.898004292362631,519224000
2018-02-02,5.774366855621338,5.884404650294186,5.716257538928636,5.860418939987758,718464000
2018-02-05,5.284266948699951,5.767194804052967,5.069137491537647,5.613142679285345,1165204000
2018-02-06,5.578030586242676,5.580997671705138,5.044410806966556,5.054302035120864,1114800000
2018-02-07,5.657652378082275,5.810221212252587,5.605724849094463,5.676940082877521,802932000
2018-02-08,5.378726005554199,5.816402397562051,5.378478394746524,5.783267826738345,1144000000
2018-02-09,5.738759517669678,5.907153769636017,5.378727192541454,5.891328369875546,1674604000
2018-02-12,5.638613224029541,5.822833356326904,5.564430892641472,5.819865798953115,1093172000
2018-02-13,5.752358913421631,5.798599410097212,5.569869733517109,5.602262889436737,625524000
2018-02-14,5.969714164733887,5.99864548827701,5.7009262181630325,5.712053614015025,744988000
2018-02-15,6.095330238342285,6.141570743264873,5.972187456343108,6.053046319329772,698900000
2018-02-16,6.0295538902282715,6.1818751002699495,6.020404552835836,6.06812882481201,637656000
2018-02-20,6.159126281738281,6.228115844616961,6.048346615162287,6.052056061086709,686240000
2018-02-21,5.971939563751221,6.230589623381914,5.968230588887824,6.2236659520957165,892292000
2018-02-22,5.991484642028809,6.077589704281505,5.925916202498738,6.005835643048487,534364000
2018-02-23,6.0850138664245605,6.0850138664245605,6.000640781416973,6.051363643917283,415300000
2018-02-26,6.101098537445068,6.135738412481827,6.038746290445999,6.131284781681802,469312000
2018-02-27,6.088231086730957,6.1587482316242195,6.065220114666263,6.074374667387011,455436000
2018-02-28,5.9877753257751465,6.138706526909213,5.976145956738843,6.09911796871672,523116000
2018-03-01,5.745542049407959,6.0394872791261225,5.644343612231053,5.9855477202076,1040120000
2018-03-02,5.852679252624512,5.859112641497202,5.489206467370727,5.637911098651393,913428000
2018-03-05,5.830657958984375,5.870246516701631,5.6789839373813535,5.802451005425943,620776000
2018-03-06,5.991733074188232,6.011032765013514,5.872967415948625,5.916019955262163,636808000
2018-03-07,5.9838151931762695,6.036022754077321,5.887565451882281,5.888802387630274,581208000
2018-03-08,5.967485427856445,6.0112803193301945,5.9231954788803955,6.0112803193301945,411912000
2018-03-09,6.0701680183410645,6.08303384904769,5.9989085323331794,6.014991056682838,505524000
2018-03-12,6.179779052734375,6.259945802774405,6.103323582105625,6.111488963129783,605060000
2018-03-13,6.129056930541992,6.297061246413395,6.087736378730613,6.22258505286977,619772000
2018-03-14,6.154541969299316,6.199326506135715,6.092189733258158,6.172109196571257,505496000
2018-03-15,6.169386863708496,6.250543253781907,6.127323968189306,6.16814992792827,401952000
2018-03-16,6.197594165802002,6.216646092657637,6.148108236987829,6.185717505131977,399456000
2018-03-19,5.963030815124512,6.169633520207438,5.864059445266442,6.1406846953810605,713772000
2018-03-20,6.175325870513916,6.2141720765561415,5.96600101298695,5.96600101298695,554696000
2018-03-21,6.150087833404541,6.235203270058805,6.119653832245937,6.16889199504957,438688000
2018-03-22,5.984062671661377,6.1332623287088905,5.946701170173202,6.086745803443522,551196000
2018-03-23,5.764348030090332,6.000147418959587,5.753213717033503,5.997673074732191,735620000
2018-03-26,6.049136638641357,6.050373574448472,5.836842870409199,5.888802669097975,611424000
2018-03-27,5.580012321472168,6.185717796809352,5.439720381532645,6.130046242251505,1409000000
2018-03-28,5.476836204528809,5.675768686868398,5.369204815353788,5.545621376453643,945904000
2018-03-29,5.73020076751709,5.82694509225424,5.460750767474767,5.545123847267335,916628000
2018-04-02,5.469411373138428,5.805914560642204,5.381574296731509,5.659684295155108,922092000
2018-04-03,5.575806617736816,5.699520987727752,5.476835216130642,5.636426866682837,667432000
2018-04-04,5.597827434539795,5.608219395357925,5.294974454346427,5.319964713256621,789168000
2018-04-05,5.477577209472656,5.669334376072168,5.406070417767556,5.656220778298228,701240000
2018-04-06,5.3011603355407715,5.483020602562584,5.271963737937615,5.3748941799192975,662988000
2018-04-09,5.329860210418701,5.492173425707625,5.309818174246278,5.364252774893164,499524000
2018-04-10,5.63914680480957,5.666116344345645,5.503060755654183,5.560217000124646,761676000
2018-04-11,5.597827434539795,5.665622944591044,5.565166851416292,5.624302394119099,460244000
2018-04-12,5.804677486419678,5.822492478671164,5.646570551028203,5.690860502889642,593920000
2018-04-13,5.727973937988281,5.87667853548443,5.679725420136267,5.868265862069684,503036000
2018-04-16,5.727726459503174,5.761129387379061,5.633456005626743,5.734654432224151,350792000
2018-04-17,5.877422332763672,5.898701314306776,5.724264068084709,5.779935630056194,447224000
2018-04-18,5.8484697341918945,5.919729199018616,5.759395757107952,5.826943471937242,391364000
2018-04-19,5.6671061515808105,5.767562226643912,5.61168237054337,5.734159299208209,471996000
2018-04-20,5.658941745758057,5.742819774963384,5.6277658661560475,5.658446688269372,386200000
2018-04-23,5.53943395614624,5.727974413739352,5.513454055442371,5.676756962627838,427508000
2018-04-24,5.473123550415039,5.661168964250721,5.407802382764184,5.565166971020077,414596000
2018-04-25,5.3607916831970215,5.482526778365553,5.203427068819578,5.443432799634905,588492000
2018-04-26,5.57258939743042,5.580754779157977,5.456545363308885,5.522608879730808,375824000
2018-04-27,5.600053787231445,5.69828329736448,5.557743595334735,5.678489019663525,400848000
2018-04-30,5.564672470092773,5.6661182187301895,5.545373246780413,5.6163849876668746,327844000
2018-05-01,5.620095252990723,5.622816889206263,5.497865140594591,5.556506089308702,253788000
2018-05-02,5.599557876586914,5.66116727409154,5.573330217074864,5.616630513753049,268248000
2018-05-03,5.7648420333862305,5.791069702000668,5.586198456838597,5.631478054953076,443144000
2018-05-04,5.915030002593994,5.918246696218617,5.718819242416038,5.736139174344388,400660000
2018-05-07,6.15305757522583,6.210213833772443,6.009796225611137,6.019693601194193,687616000
2018-05-08,6.195614337921143,6.1983359741007105,6.10431281196176,6.153303678992239,506616000
2018-05-09,6.32873010635376,6.330957156863369,6.188438194499109,6.2156554983749706,596760000
2018-05-10,6.436363220214844,6.4455177729910345,6.363866316728916,6.381681308622328,994080000
2018-05-11,6.297801971435547,6.427949698711481,6.199078358543734,6.25450214121984,1214456000
2018-05-14,6.318339824676514,6.395785420516743,6.294586972600472,6.335907524871834,523140000
2018-05-15,6.0758585929870605,6.257471530662992,5.97540251513764,6.254749422540624,963528000
2018-05-16,6.086993217468262,6.149097683316127,6.000393080780603,6.037259997461729,553828000
2018-05-17,6.129056930541992,6.222832345678364,6.072643022615309,6.088726021897825,519784000
2018-05-18,6.085261344909668,6.244357910372381,6.080312657701838,6.181016507456749,483716000
2018-05-21,6.0432000160217285,6.186461385922231,5.950414230489902,6.182750105519489,640624000
2018-05-22,6.005094528198242,6.081797291344647,5.944474290401179,6.056559741954813,518264000
2018-05-23,6.128638744354248,6.129876917585772,5.948151620735675,5.948894430229644,442956000
2018-05-24,6.132352352142334,6.174689187950172,6.071695085768086,6.124925201612679,437372000
2018-05-25,6.171716690063477,6.188057079007608,6.109326371672047,6.144977914720774,292112000
2018-05-29,6.154634952545166,6.222720316159297,6.107842202645567,6.153644697256646,352684000
2018-05-30,6.263570785522461,6.272236109195307,6.163547922427476,6.188306192446205,390996000
2018-05-31,6.243762969970703,6.318285210337628,6.220985687386737,6.231631519342887,493868000
2018-06-01,6.378200531005859,6.384390452247241,6.279910739502673,6.28857606257098,421968000
2018-06-04,6.557201385498047,6.579235858049275,6.380180434652828,6.412365847431681,642024000
2018-06-05,6.562648296356201,6.6002808215782345,6.515607639828659,6.560419868326753,391712000
2018-06-06,6.564630031585693,6.567848715265154,6.456189291740624,6.472529683665562,371356000
2018-06-07,6.50892448425293,6.5728004326881315,6.4185567292498185,6.560916425485137,369448000
2018-06-08,6.493573188781738,6.5361569893974,6.417317883025087,6.436134145701065,360456000
2018-06-11,6.4524736404418945,6.52253901601607,6.439599382091125,6.480945476217229,265372000
2018-06-12,6.501000881195068,6.513132332998296,6.42870706183112,6.478966405812023,319160000
2018-06-13,6.496544361114502,6.577503501501991,6.487383674909389,6.502486364027999,338208000
2018-06-14,6.608203411102295,6.664899645301337,6.52674891148354,6.541604154070149,430016000
2018-06-15,6.567352294921875,6.622315465483225,6.520064191471097,6.5510119056259235,432260000
2018-06-18,6.563144207000732,6.580722298096676,6.4960495815146535,6.523283250427026,356268000
2018-06-19,6.441333770751953,6.527244659313467,6.313829333838904,6.459902116741175,594932000
2018-06-20,6.4943156242370605,6.547297808193164,6.4440562873507625,6.4824316198390886,369780000
2018-06-21,6.365573883056641,6.544575365635083,6.357898815530794,6.526254465198224,359516000
2018-06-22,6.213062286376953,6.399739279455761,6.197712625955044,6.386369656755711,434160000
2018-06-25,5.920175075531006,6.11031777608101,5.831540856539136,6.106604200875746,665816000
2018-06-26,5.991230010986328,6.0818452018183935,5.939732966895347,6.033566841039264,478884000
2018-06-27,5.835995674133301,6.101155450421502,5.830548563440235,6.0348036449276234,453892000
2018-06-28,5.963253498077393,5.97513750390956,5.818417944362928,5.826093011786842,338012000
2018-06-29,5.865210056304932,6.040992820185818,5.863971883475025,6.028366479558039,392300000
2018-07-02,5.997419834136963,6.001133408836473,5.775091271337971,5.7956405994946225,357572000
2018-07-03,5.863725662231445,6.038023316226772,5.855307785238766,6.032081313186332,222732000
2018-07-05,6.009552001953125,6.01450327806782,5.880066569003421,5.918936801795874,306216000
2018-07-06,6.123439311981201,6.131857189619181,5.963748971505206,5.985041111346947,296352000
2018-07-09,6.1709747314453125,6.207369561082322,6.092244013255966,6.19771398269891,303880000
2018-07-10,6.2700066566467285,6.2920411292029605,6.1429971253738405,6.183352968372985,360016000
2018-07-11,6.128389835357666,6.211824841146455,6.117743531452364,6.17716355453527,367508000
2018-07-12,6.219995021820068,6.268025933400291,6.163794151913892,6.173697646857069,345508000
2018-07-13,6.172706604003906,6.238563519780139,6.130617697096456,6.238563519780139,246988000
2018-07-16,6.144978046417236,6.197960706823715,6.13259914964639,6.144978046417236,197036000
2018-07-17,6.280900478363037,6.296003167168978,6.070208477804662,6.095709553437782,362136000
2018-07-18,6.231632709503174,6.2873386980835235,6.180631023540019,6.2734741804323635,277640000
2018-07-19,6.239802837371826,6.273474349402658,6.197714391782743,6.212816610820357,235752000
2018-07-20,6.211577892303467,6.276196641322189,6.200684141829457,6.237326413624105,222352000
2018-07-23,6.174935340881348,6.1868193459103535,6.02316753939255,6.1850862815196495,301584000
2018-07-24,6.157605171203613,6.309620430105819,6.140026608012208,6.222966731672349,354620000
2018-07-25,6.235842227935791,6.248469045780763,6.109080102387606,6.167014524785323,319112000
2018-07-26,6.309372425079346,6.346262143252543,6.198951188505975,6.215786942065427,325124000
2018-07-27,6.239553928375244,6.352946392455769,6.185581015704775,6.346014135069161,295420000
2018-07-30,6.044212818145752,6.259609131637959,6.009303609004274,6.253667128545268,340340000
2018-07-31,6.062285900115967,6.137055589521377,5.9949438321755375,6.033814059503845,283988000
2018-08-01,6.102145671844482,6.148938878842212,6.038269740248729,6.093728268500743,283556000
2018-08-02,6.204894065856934,6.208855086858804,5.971919636150451,6.0308438374634505,269668000
2018-08-03,6.24153470993042,6.265302720418206,6.2125679784011485,6.229403258976132,214288000
2018-08-06,6.289317607879639,6.292783736410283,6.18236251480572,6.228907804281392,207508000
2018-08-07,6.361611843109131,6.380180659899347,6.311352976037703,6.338091751102867,258132000
2018-08-08,6.39800500869751,6.443065146492414,6.327939637080745,6.3628488361720175,262100000
2018-08-09,6.349481105804443,6.418556243131363,6.341806038076488,6.415832923400414,204280000
2018-08-10,6.308136463165283,6.3405698061677205,6.2563919596150805,6.267533159077188,256396000
2018-08-13,6.341062068939209,6.461882147956132,6.315066105046342,6.316799169305867,375208000
2018-08-14,6.472528457641602,6.486640890672755,6.363344928996258,6.446532491827146,466220000
2018-08-15,6.414346218109131,6.527243306103984,6.335615049652145,6.493324360013869,591136000
2018-08-16,6.373743057250977,6.486640628030499,6.313580697530834,6.484164754402042,801260000
2018-08-17,6.061295509338379,6.263074735152323,6.034308815843685,6.262331925799989,1143188000
2018-08-20,6.136065483093262,6.2687691120216,5.910270790668883,6.020692499111759,854388000
2018-08-21,6.2717390060424805,6.27619538918493,6.132598040383608,6.15240455496915,673988000
2018-08-22,6.5069427490234375,6.511894496822788,6.235593486319353,6.239059615333967,749856000
2018-08-23,6.606471061706543,6.671832625042857,6.454455796135041,6.468320312936721,720684000
2018-08-24,6.739669322967529,6.754276647598752,6.6104318293385935,6.614888213218102,531512000
2018-08-27,6.830780506134033,6.905054842090355,6.737937350076276,6.769379960259736,505776000
2018-08-28,6.793147087097168,6.847615367093429,6.673069803168664,6.824837611114621,475384000
2018-08-29,6.898675441741943,6.923694833404426,6.764660367031418,6.785468517822038,420108000
2018-08-30,6.881829738616943,6.9786873232938404,6.844919844045927,6.8674620049796715,346608000
2018-08-31,6.952925205230713,6.965806508449001,6.851856373061698,6.861765285914059,306592000
2018-09-04,7.027735233306885,7.065387870673629,6.91130787903396,6.9397952924778,391720000
2018-09-05,6.8969407081604,7.045571093782171,6.815937282654182,7.010147628000871,393156000
2018-09-06,6.755740642547607,6.8830672177724335,6.722794411638065,6.880589990056118,322796000
2018-09-07,6.734438419342041,6.860031002642364,6.618754276020016,6.663591018196378,295420000
2018-09-10,6.805532455444336,6.835258718276348,6.713134168340059,6.756980110715454,220140000
2018-09-11,6.757724285125732,6.846902141308397,6.738402093422781,6.7592102441159705,243112000
2018-09-12,6.643774509429932,6.737411665154448,6.48820806040725,6.717841891296441,419092000
2018-09-13,6.721559047698975,6.812223354848586,6.692328409016622,6.709668538322579,305536000
2018-09-14,6.847645282745361,6.913785812790336,6.775064337191274,6.811974235155938,386936000
2018-09-17,6.785715579986572,6.871178296316763,6.766393862153717,6.822130313568417,205528000
2018-09-18,6.713629722595215,6.892481527167369,6.706941726489907,6.78967916018773,299520000
2018-09-19,6.737411975860596,6.755247737888506,6.6450136663314385,6.695052454466962,224860000
2018-09-20,6.596212863922119,6.657646521720494,6.542210418831132,6.615287002846158,430584000
2018-09-21,6.5261077880859375,6.6536824346148995,6.492913971519654,6.608102477739378,435128000
2018-09-24,6.581844329833984,6.585312354672228,6.4079469808264085,6.495143236394943,293912000
2018-09-25,6.648975849151611,6.6739952394381765,6.562274753142415,6.647985052380307,280388000
2018-09-26,6.612066268920898,6.694308547151667,6.5962125748557545,6.6539306237710525,268548000
2018-09-27,6.623956203460693,6.668545363830909,6.592496399132179,6.647241580378903,214428000
2018-09-28,6.961346626281738,6.983641205833777,6.727997229117716,6.755989480326985,709396000
2018-10-01,7.16794490814209,7.234828191233848,7.000487938086934,7.039131854253508,622060000
2018-10-02,7.0966010093688965,7.252166969557371,7.07430642832625,7.140446955755039,383964000
2018-10-03,7.102793216705322,7.1743833562991846,6.998752005182621,7.166951672446521,320552000
2018-10-04,6.918493270874023,7.090904214961032,6.841453024460821,7.066628037371336,391220000
2018-10-05,6.684895038604736,6.955897567236704,6.627424572751077,6.89372069853544,426636000
2018-10-08,6.583578586578369,6.717098020288782,6.442627468303227,6.601661927117871,408612000
2018-10-09,6.577881336212158,6.657645909836312,6.510006796323651,6.563017967197417,273500000
2018-10-10,6.086162567138672,6.517685975318372,6.083932920071192,6.471857963522835,684940000
2018-10-11,5.824573040008545,6.132485442344897,5.803021676004543,5.998965545459821,725436000
2018-10-12,6.107217788696289,6.1815332091416275,5.93654089493424,6.08170323873686,608236000
2018-10-15,5.830766677856445,6.0938423760997935,5.829775881010186,6.0938423760997935,449760000
2018-10-16,6.089632034301758,6.100779327313371,5.894183271148992,5.943478847030851,408712000
2018-10-17,6.0210137367248535,6.189957129979561,5.971965746260524,6.151808377963065,329668000
2018-10-18,5.933568954467773,6.128770104329965,5.873126095533443,6.090374246658816,524020000
2018-10-19,5.676933765411377,6.008379142817454,5.640519503858318,5.988809843673759,613608000
2018-10-22,5.727715015411377,5.829278993816547,5.6249126593352194,5.729201446602878,368844000
2018-10-23,5.4760355949401855,5.553570995617626,5.368278293439283,5.460429009890786,626436000
2018-10-24,4.939728260040283,5.484210607854028,4.925856158501465,5.437639846264273,884288000
2018-10-25,5.148552894592285,5.195866862333608,4.797785350084992,4.842126927737931,951720000
2018-10-26,4.911983966827393,5.074238413619857,4.783914138564146,4.912479129025823,664784000
2018-10-29,4.598125457763672,5.056649826075438,4.360069185044151,5.053181801357796,758016000
2018-10-30,5.028657913208008,5.038566825915497,4.598125767202992,4.621163564013239,807192000
2018-10-31,5.222622394561768,5.26622077436562,5.053678968123791,5.1933917539229695,745772000
2018-11-01,5.40295934677124,5.412372625599323,5.1324519616138495,5.259035354883467,566528000
2018-11-02,5.32393741607666,5.4993212130118385,5.207262465874684,5.393545972967023,452960000
2018-11-05,5.245904922485352,5.3340924311547155,5.085136486548187,5.310806585803539,379332000
2018-11-06,5.22831916809082,5.322203910079183,5.191161212080993,5.2379800287608385,299012000
2018-11-07,5.295944690704346,5.385618174876774,5.23129059621843,5.294953893956803,483812000
2018-11-08,5.102725028991699,5.237482820631235,5.049217758505876,5.236739605036347,511352000
2018-11-09,5.094797134399414,5.185213813496817,4.98010428686983,5.013793730967142,413240000
2018-11-12,4.695230960845947,5.0254379659285044,4.673431541778045,5.003390965786616,617116000
2018-11-13,4.937249183654785,5.058630499172235,4.786884825422549,4.793078130562671,644712000
2018-11-14,4.8847336769104,5.1247715234073965,4.776729284904137,5.110403791117048,526580000
2018-11-15,5.013546943664551,5.085632717345233,4.842869577142466,4.878788673458554,840708000
2018-11-16,4.073212623596191,4.227540182312767,4.003356028367184,4.045716009352382,1963520000
2018-11-19,3.584467887878418,4.008559464210536,3.5827338750682705,4.007816720848805,1697820000
2018-11-20,3.6929664611816406,3.8212838298304574,3.302316684379954,3.320895419311059,1692032000
2018-11-21,3.584714889526367,3.8470473611427054,3.5574660874514787,3.830202634246875,1025496000
2018-11-23,3.591898202896118,3.705600269084871,3.5371527898691024,3.5500340913156303,411968000
2018-11-26,3.791311264038086,3.801715339549664,3.6305427833025696,3.7130326441297896,814832000
2018-11-27,3.8081555366516113,3.8894067736078957,3.7293815277331235,3.7653003893153048,738060000
2018-11-28,3.9652082920074463,3.9704103293201998,3.7932925346532853,3.9258211680777664,804524000
2018-11-29,3.901977300643921,4.004634702115506,3.871725634613067,3.96744004627284,549172000
2018-11-30,4.052490711212158,4.063153020950673,3.861309547819876,3.9116464426311324,729564000
2018-12-03,4.216397285461426,4.3314532330807,4.149446614054803,4.2798764615931475,890804000
2018-12-04,3.895777702331543,4.176721865880532,3.8806516350429696,4.171762453036183,812112000
2018-12-06,3.9250380992889404,3.929997276316662,3.739560243486265,3.755181970368687,692308000
2018-12-07,3.6602120399475098,3.9394207877616636,3.610867142339243,3.929254129858725,681676000
2018-12-10,3.7655961513519287,3.7903927439248406,3.6116098269958217,3.6153293868251084,629472000
2018-12-11,3.674593925476074,3.8655268800433085,3.595493018530074,3.857344035755029,671912000
2018-12-12,3.6921987533569336,3.7884090532190964,3.591029040229565,3.680296350702711,654136000
2018-12-13,3.6919500827789307,3.803286432958817,3.655995288412613,3.739063555162411,471384000
2018-12-14,3.6314475536346436,3.734104954336497,3.6078908123227293,3.650292710206322,471820000
2018-12-17,3.560281753540039,3.6736017142675355,3.5022578870381813,3.60144403819437,662868000
2018-12-18,3.6435978412628174,3.7276579154643223,3.576895241725319,3.6041713071227375,564372000
2018-12-19,3.4345638751983643,3.663435700206216,3.382987099255423,3.6098751111585847,745364000
2018-12-20,3.3500075340270996,3.5161441191757157,3.2902479196770766,3.426132836192291,749588000
2018-12-21,3.2128827571868896,3.4095190758419505,3.1853586244218723,3.3765396349908436,863740000
2018-12-24,3.151139259338379,3.2230490997408516,3.087164196762201,3.1365093205828933,463840000
2018-12-26,3.300414562225342,3.3014063504286826,3.086172702764023,3.19726102178592,695100000
2018-12-27,3.252556800842285,3.2825606376258523,3.104025772041012,3.2480935178818586,637044000
2018-12-28,3.314051866531372,3.4067909042995783,3.231231654878886,3.273137654715349,628728000
