date,portfolio_value,cash,MSFT,NVDA,AAPL,AMZN,GOOGL,META
2019-01-02 00:00:00-05:00,100000.0,100000.0,0,0,0,0,0,0
2019-01-03 00:00:00-05:00,94450.73493123055,13.266476392745972,263,7401,664,324,2,0
2019-01-04 00:00:00-05:00,99257.14806747437,0.5716578960418701,263,7405,664,324,2,0
2019-01-07 00:00:00-05:00,101437.47022080421,0.5716578960418701,263,7405,664,324,2,0
2019-01-08 00:00:00-05:00,101850.206854105,0.5716578960418701,263,7405,664,324,2,0
2019-01-09 00:00:00-05:00,103168.71982097626,0.5716578960418701,263,7405,664,324,2,0
2019-01-10 00:00:00-05:00,103515.23094272614,0.5716578960418701,263,7405,664,324,2,0
2019-01-11 00:00:00-05:00,103515.23094272614,103515.23094272614,0,0,0,0,0,0
2019-01-14 00:00:00-05:00,103515.23094272614,103515.23094272614,0,0,0,0,0,0
2019-01-15 00:00:00-05:00,103515.23094272614,103515.23094272614,0,0,0,0,0,0
2019-01-16 00:00:00-05:00,103614.10106873512,26040.897235155106,131,3481,354,154,239,87
2019-01-17 00:00:00-05:00,104548.89386820793,0.6334726810455322,327,5282,354,154,239,87
2019-01-18 00:00:00-05:00,105311.920317173,52123.79414606094,164,2641,177,77,120,44
2019-01-22 00:00:00-05:00,103790.64644742012,52123.79414606094,164,2641,177,77,120,44
2019-01-23 00:00:00-05:00,103930.97971487045,52123.79414606094,164,2641,177,77,120,44
2019-01-24 00:00:00-05:00,105500.95614743233,23.435421466827393,341,8339,539,77,120,44
2019-01-25 00:00:00-05:00,107243.1888115406,3.866023302078247,341,8344,539,77,120,44
2019-01-28 00:00:00-05:00,107243.1888115406,107243.1888115406,0,0,0,0,0,0
2019-01-29 00:00:00-05:00,107243.1888115406,107243.1888115406,0,0,0,0,0,0
2019-01-30 00:00:00-05:00,112435.374573946,41.78890919685364,277,8216,727,336,1,0
2019-01-31 00:00:00-05:00,114242.82809758186,41.78890919685364,277,8216,727,336,1,0
2019-02-01 00:00:00-05:00,112914.86347079277,28523.79316163063,208,6162,546,252,1,0
2019-02-04 00:00:00-05:00,114878.42596507072,28523.79316163063,208,6162,546,252,1,0
2019-02-05 00:00:00-05:00,115988.02893280983,28523.79316163063,208,6162,546,252,1,0
2019-02-06 00:00:00-05:00,115994.27777075768,28523.79316163063,208,6162,546,252,1,0
2019-02-07 00:00:00-05:00,115994.27777075768,115994.27777075768,0,0,0,0,0,0
2019-02-08 00:00:00-05:00,115994.27777075768,115994.27777075768,0,0,0,0,0,0
2019-02-11 00:00:00-05:00,115994.27777075768,115994.27777075768,0,0,0,0,0,0
2019-02-12 00:00:00-05:00,115994.27777075768,115994.27777075768,0,0,0,0,0,0
2019-02-13 00:00:00-05:00,115994.27777075768,115994.27777075768,0,0,0,0,0,0
2019-02-14 00:00:00-05:00,115994.27777075768,115994.27777075768,0,0,0,0,0,0
2019-02-15 00:00:00-05:00,115994.27777075768,115994.27777075768,0,0,0,0,0,0
2019-02-19 00:00:00-05:00,115994.27777075768,115994.27777075768,0,0,0,0,0,0
2019-02-20 00:00:00-05:00,115994.27777075768,115994.27777075768,0,0,0,0,0,0
2019-02-21 00:00:00-05:00,115885.84520959854,18.790162086486816,287,7375,704,357,1,0
2019-02-22 00:00:00-05:00,115885.84520959854,115885.84520959854,0,0,0,0,0,0
2019-02-25 00:00:00-05:00,115885.84520959854,115885.84520959854,0,0,0,0,0,0
2019-02-26 00:00:00-05:00,115885.84520959854,115885.84520959854,0,0,0,0,0,0
2019-02-27 00:00:00-05:00,115885.84520959854,115885.84520959854,0,0,0,0,0,0
2019-02-28 00:00:00-05:00,115885.84520959854,115885.84520959854,0,0,0,0,0,0
2019-03-01 00:00:00-05:00,115885.84520959854,115885.84520959854,0,0,0,0,0,0
2019-03-04 00:00:00-05:00,115885.84520959854,115885.84520959854,0,0,0,0,0,0
2019-03-05 00:00:00-05:00,115885.84520959854,115885.84520959854,0,0,0,0,0,0
2019-03-06 00:00:00-05:00,115885.84520959854,115885.84520959854,0,0,0,0,0,0
2019-03-07 00:00:00-05:00,115885.84520959854,115885.84520959854,0,0,0,0,0,0
2019-03-08 00:00:00-05:00,115885.84520959854,115885.84520959854,0,0,0,0,0,0
2019-03-11 00:00:00-04:00,115885.84520959854,115885.84520959854,0,0,0,0,0,0
2019-03-12 00:00:00-04:00,115885.84520959854,115885.84520959854,0,0,0,0,0,0
2019-03-13 00:00:00-04:00,115885.84520959854,115885.84520959854,0,0,0,0,0,0
2019-03-14 00:00:00-04:00,115885.84520959854,115885.84520959854,0,0,0,0,0,0
2019-03-15 00:00:00-04:00,115885.84520959854,115885.84520959854,0,0,0,0,0,0
2019-03-18 00:00:00-04:00,115885.84520959854,115885.84520959854,0,0,0,0,0,0
2019-03-19 00:00:00-04:00,115885.84520959854,115885.84520959854,0,0,0,0,0,0
2019-03-20 00:00:00-04:00,115885.84520959854,115885.84520959854,0,0,0,0,0,0
2019-03-21 00:00:00-04:00,115885.84520959854,115885.84520959854,0,0,0,0,0,0
2019-03-22 00:00:00-04:00,115885.84520959854,115885.84520959854,0,0,0,0,0,0
2019-03-25 00:00:00-04:00,115885.84520959854,115885.84520959854,0,0,0,0,0,0
2019-03-26 00:00:00-04:00,115885.84520959854,115885.84520959854,0,0,0,0,0,0
2019-03-27 00:00:00-04:00,115401.16783618927,29222.06795167923,130,3299,324,162,244,86
2019-03-28 00:00:00-04:00,115401.16783618927,115401.16783618927,0,0,0,0,0,0
2019-03-29 00:00:00-04:00,115401.16783618927,115401.16783618927,0,0,0,0,0,0
2019-04-01 00:00:00-04:00,115401.16783618927,115401.16783618927,0,0,0,0,0,0
2019-04-02 00:00:00-04:00,115971.95854282379,41.15945911407471,257,6376,630,318,0,0
2019-04-03 00:00:00-04:00,115971.95854282379,115971.95854282379,0,0,0,0,0,0
2019-04-04 00:00:00-04:00,115971.95854282379,115971.95854282379,0,0,0,0,0,0
2019-04-05 00:00:00-04:00,115971.95854282379,115971.95854282379,0,0,0,0,0,0
2019-04-08 00:00:00-04:00,115971.95854282379,115971.95854282379,0,0,0,0,0,0
2019-04-09 00:00:00-04:00,115971.95854282379,115971.95854282379,0,0,0,0,0,0
2019-04-10 00:00:00-04:00,115971.95854282379,115971.95854282379,0,0,0,0,0,0
2019-04-11 00:00:00-04:00,115971.95854282379,115971.95854282379,0,0,0,0,0,0
2019-04-12 00:00:00-04:00,115971.95854282379,115971.95854282379,0,0,0,0,0,0
2019-04-15 00:00:00-04:00,115971.95854282379,115971.95854282379,0,0,0,0,0,0
2019-04-16 00:00:00-04:00,116743.95933389664,47.932058334350586,254,6323,608,314,0,0
2019-04-17 00:00:00-04:00,117431.3943142891,47.932058334350586,254,6323,608,314,0,0
2019-04-18 00:00:00-04:00,117645.7002735138,29286.27899169922,191,4743,456,236,0,0
2019-04-22 00:00:00-04:00,117996.46874809265,73405.5116519928,96,2372,228,118,0,0
2019-04-23 00:00:00-04:00,118654.09839057922,73405.5116519928,96,2372,228,118,0,0
2019-04-24 00:00:00-04:00,118497.24548339844,73405.5116519928,96,2372,228,118,0,0
2019-04-25 00:00:00-04:00,118521.59320449829,73405.5116519928,96,2372,228,118,0,0
2019-04-26 00:00:00-04:00,118301.26753234863,73405.5116519928,96,2372,228,118,0,0
2019-04-29 00:00:00-04:00,118306.2709183693,84580.68487119675,72,1779,171,89,0,0
2019-04-30 00:00:00-04:00,118306.2709183693,118306.2709183693,0,0,0,0,0,0
2019-05-01 00:00:00-04:00,118306.2709183693,118306.2709183693,0,0,0,0,0,0
2019-05-02 00:00:00-04:00,118306.2709183693,118306.2709183693,0,0,0,0,0,0
2019-05-03 00:00:00-04:00,118306.2709183693,118306.2709183693,0,0,0,0,0,0
2019-05-06 00:00:00-04:00,118306.2709183693,118306.2709183693,0,0,0,0,0,0
2019-05-07 00:00:00-04:00,118306.2709183693,118306.2709183693,0,0,0,0,0,0
2019-05-08 00:00:00-04:00,118306.2709183693,118306.2709183693,0,0,0,0,0,0
2019-05-09 00:00:00-04:00,117076.07837820053,50.245054721832275,249,6851,609,308,2,0
2019-05-10 00:00:00-04:00,117076.07837820053,117076.07837820053,0,0,0,0,0,0
2019-05-13 00:00:00-04:00,117076.07837820053,117076.07837820053,0,0,0,0,0,0
2019-05-14 00:00:00-04:00,117076.07837820053,117076.07837820053,0,0,0,0,0,0
2019-05-15 00:00:00-04:00,117076.07837820053,117076.07837820053,0,0,0,0,0,0
2019-05-16 00:00:00-04:00,117076.07837820053,117076.07837820053,0,0,0,0,0,0
2019-05-17 00:00:00-04:00,115454.18266057968,24.102113246917725,239,7360,641,306,3,0
2019-05-20 00:00:00-04:00,115454.18266057968,115454.18266057968,0,0,0,0,0,0
2019-05-21 00:00:00-04:00,115454.18266057968,115454.18266057968,0,0,0,0,0,0
2019-05-22 00:00:00-04:00,115454.18266057968,115454.18266057968,0,0,0,0,0,0
2019-05-23 00:00:00-04:00,115454.18266057968,115454.18266057968,0,0,0,0,0,0
2019-05-24 00:00:00-04:00,115454.18266057968,115454.18266057968,0,0,0,0,0,0
2019-05-28 00:00:00-04:00,115162.65019798279,36.22513437271118,241,8011,671,316,2,0
2019-05-29 00:00:00-04:00,115162.65019798279,115162.65019798279,0,0,0,0,0,0
2019-05-30 00:00:00-04:00,115162.65019798279,115162.65019798279,0,0,0,0,0,0
2019-05-31 00:00:00-04:00,115162.65019798279,115162.65019798279,0,0,0,0,0,0
2019-06-03 00:00:00-04:00,115162.65019798279,115162.65019798279,0,0,0,0,0,0
2019-06-04 00:00:00-04:00,115162.65019798279,115162.65019798279,0,0,0,0,0,0
2019-06-05 00:00:00-04:00,115162.65019798279,115162.65019798279,0,0,0,0,0,0
2019-06-06 00:00:00-04:00,115162.65019798279,115162.65019798279,0,0,0,0,0,0
2019-06-07 00:00:00-04:00,117892.68012714386,49.40090727806091,237,8057,647,328,2,0
2019-06-10 00:00:00-04:00,117892.68012714386,117892.68012714386,0,0,0,0,0,0
2019-06-11 00:00:00-04:00,117892.68012714386,117892.68012714386,0,0,0,0,0,0
2019-06-12 00:00:00-04:00,117892.68012714386,117892.68012714386,0,0,0,0,0,0
2019-06-13 00:00:00-04:00,117892.68012714386,117892.68012714386,0,0,0,0,0,0
2019-06-14 00:00:00-04:00,117892.68012714386,117892.68012714386,0,0,0,0,0,0
2019-06-17 00:00:00-04:00,117892.68012714386,117892.68012714386,0,0,0,0,0,0
2019-06-18 00:00:00-04:00,117892.68012714386,117892.68012714386,0,0,0,0,0,0
2019-06-19 00:00:00-04:00,117892.68012714386,117892.68012714386,0,0,0,0,0,0
2019-06-20 00:00:00-04:00,117892.68012714386,117892.68012714386,0,0,0,0,0,0
2019-06-21 00:00:00-04:00,117892.68012714386,117892.68012714386,0,0,0,0,0,0
2019-06-24 00:00:00-04:00,117892.68012714386,117892.68012714386,0,0,0,0,0,0
2019-06-25 00:00:00-04:00,117892.68012714386,117892.68012714386,0,0,0,0,0,0
2019-06-26 00:00:00-04:00,117892.68012714386,117892.68012714386,0,0,0,0,0,0
2019-06-27 00:00:00-04:00,117892.68012714386,117892.68012714386,0,0,0,0,0,0
2019-06-28 00:00:00-04:00,117892.68012714386,117892.68012714386,0,0,0,0,0,0
2019-07-01 00:00:00-04:00,117892.68012714386,117892.68012714386,0,0,0,0,0,0
2019-07-02 00:00:00-04:00,117892.68012714386,117892.68012714386,0,0,0,0,0,0
2019-07-03 00:00:00-04:00,117892.68012714386,117892.68012714386,0,0,0,0,0,0
2019-07-05 00:00:00-04:00,117892.68012714386,117892.68012714386,0,0,0,0,0,0
2019-07-08 00:00:00-04:00,117892.68012714386,117892.68012714386,0,0,0,0,0,0
2019-07-09 00:00:00-04:00,117892.68012714386,117892.68012714386,0,0,0,0,0,0
2019-07-10 00:00:00-04:00,117892.68012714386,117892.68012714386,0,0,0,0,0,0
2019-07-11 00:00:00-04:00,117892.68012714386,117892.68012714386,0,0,0,0,0,0
2019-07-12 00:00:00-04:00,117892.68012714386,117892.68012714386,0,0,0,0,0,0
2019-07-15 00:00:00-04:00,117892.68012714386,117892.68012714386,0,0,0,0,0,0
2019-07-16 00:00:00-04:00,117892.68012714386,117892.68012714386,0,0,0,0,0,0
2019-07-17 00:00:00-04:00,117892.68012714386,117892.68012714386,0,0,0,0,0,0
2019-07-18 00:00:00-04:00,117892.68012714386,117892.68012714386,0,0,0,0,0,0
2019-07-19 00:00:00-04:00,117892.68012714386,117892.68012714386,0,0,0,0,0,0
2019-07-22 00:00:00-04:00,117892.68012714386,117892.68012714386,0,0,0,0,0,0
2019-07-23 00:00:00-04:00,117892.68012714386,117892.68012714386,0,0,0,0,0,0
2019-07-24 00:00:00-04:00,117892.68012714386,117892.68012714386,0,0,0,0,0,0
2019-07-25 00:00:00-04:00,117892.68012714386,117892.68012714386,0,0,0,0,0,0
2019-07-26 00:00:00-04:00,117892.68012714386,117892.68012714386,0,0,0,0,0,0
2019-07-29 00:00:00-04:00,117892.68012714386,117892.68012714386,0,0,0,0,0,0
2019-07-30 00:00:00-04:00,117892.68012714386,117892.68012714386,0,0,0,0,0,0
2019-07-31 00:00:00-04:00,117892.68012714386,117892.68012714386,0,0,0,0,0,0
2019-08-01 00:00:00-04:00,117892.68012714386,117892.68012714386,0,0,0,0,0,0
2019-08-02 00:00:00-04:00,117892.68012714386,117892.68012714386,0,0,0,0,0,0
2019-08-05 00:00:00-04:00,117892.68012714386,117892.68012714386,0,0,0,0,0,0
2019-08-06 00:00:00-04:00,117892.68012714386,117892.68012714386,0,0,0,0,0,0
2019-08-07 00:00:00-04:00,117892.68012714386,117892.68012714386,0,0,0,0,0,0
2019-08-08 00:00:00-04:00,117892.68012714386,117892.68012714386,0,0,0,0,0,0
2019-08-09 00:00:00-04:00,117892.68012714386,117892.68012714386,0,0,0,0,0,0
2019-08-12 00:00:00-04:00,117892.68012714386,117892.68012714386,0,0,0,0,0,0
2019-08-13 00:00:00-04:00,117892.68012714386,117892.68012714386,0,0,0,0,0,0
2019-08-14 00:00:00-04:00,114875.87003612518,29729.98261165619,112,3800,292,161,247,78
2019-08-15 00:00:00-04:00,115041.93755626678,29729.98261165619,112,3800,292,161,247,78
2019-08-16 00:00:00-04:00,116996.64366817474,29729.98261165619,112,3800,292,161,247,78
2019-08-19 00:00:00-04:00,119211.93369960785,29729.98261165619,112,3800,292,161,247,78
2019-08-20 00:00:00-04:00,118305.81721019745,29729.98261165619,112,3800,292,161,247,78
2019-08-21 00:00:00-04:00,119203.46356487274,29729.98261165619,112,3800,292,161,247,78
2019-08-22 00:00:00-04:00,118837.0347700119,29729.98261165619,112,3800,292,161,247,78
2019-08-23 00:00:00-04:00,115582.79177761078,29729.98261165619,112,3800,292,161,247,78
2019-08-26 00:00:00-04:00,116931.04053783417,29729.98261165619,112,3800,292,161,247,78
2019-08-27 00:00:00-04:00,116931.04053783417,116931.04053783417,0,0,0,0,0,0
2019-08-28 00:00:00-04:00,116931.04053783417,116931.04053783417,0,0,0,0,0,0
2019-08-29 00:00:00-04:00,116931.04053783417,116931.04053783417,0,0,0,0,0,0
2019-08-30 00:00:00-04:00,116931.04053783417,116931.04053783417,0,0,0,0,0,0
2019-09-03 00:00:00-04:00,116931.04053783417,116931.04053783417,0,0,0,0,0,0
2019-09-04 00:00:00-04:00,116931.04053783417,116931.04053783417,0,0,0,0,0,0
2019-09-05 00:00:00-04:00,116931.04053783417,116931.04053783417,0,0,0,0,0,0
2019-09-06 00:00:00-04:00,116931.04053783417,116931.04053783417,0,0,0,0,0,0
2019-09-09 00:00:00-04:00,116931.04053783417,116931.04053783417,0,0,0,0,0,0
2019-09-10 00:00:00-04:00,116931.04053783417,116931.04053783417,0,0,0,0,0,0
2019-09-11 00:00:00-04:00,116931.04053783417,116931.04053783417,0,0,0,0,0,0
2019-09-12 00:00:00-04:00,116931.04053783417,116931.04053783417,0,0,0,0,0,0
2019-09-13 00:00:00-04:00,116931.04053783417,116931.04053783417,0,0,0,0,0,0
2019-09-16 00:00:00-04:00,116931.04053783417,116931.04053783417,0,0,0,0,0,0
2019-09-17 00:00:00-04:00,116931.04053783417,116931.04053783417,0,0,0,0,0,0
2019-09-18 00:00:00-04:00,116931.04053783417,116931.04053783417,0,0,0,0,0,0
2019-09-19 00:00:00-04:00,116931.04053783417,116931.04053783417,0,0,0,0,0,0
2019-09-20 00:00:00-04:00,115858.10080242157,29368.784037590027,109,3320,274,160,237,77
2019-09-23 00:00:00-04:00,115827.33582401276,50869.207478523254,82,2490,206,120,178,58
2019-09-24 00:00:00-04:00,115298.02082395554,83348.271651268,41,1245,103,60,89,29
2019-09-25 00:00:00-04:00,115881.12625980377,83348.271651268,41,1245,103,60,89,29
2019-09-26 00:00:00-04:00,115881.12625980377,115881.12625980377,0,0,0,0,0,0
2019-09-27 00:00:00-04:00,115881.12625980377,115881.12625980377,0,0,0,0,0,0
2019-09-30 00:00:00-04:00,115881.12625980377,115881.12625980377,0,0,0,0,0,0
2019-10-01 00:00:00-04:00,115881.12625980377,115881.12625980377,0,0,0,0,0,0
2019-10-02 00:00:00-04:00,115881.12625980377,115881.12625980377,0,0,0,0,0,0
2019-10-03 00:00:00-04:00,115881.12625980377,115881.12625980377,0,0,0,0,0,0
2019-10-04 00:00:00-04:00,115881.12625980377,115881.12625980377,0,0,0,0,0,0
2019-10-07 00:00:00-04:00,115816.02965641022,29252.149819374084,110,3200,264,166,240,80
2019-10-08 00:00:00-04:00,114334.68259525299,29252.149819374084,110,3200,264,166,240,80
2019-10-09 00:00:00-04:00,115498.05622196198,29252.149819374084,110,3200,264,166,240,80
2019-10-10 00:00:00-04:00,116284.79363441467,0.9521093368530273,274,4918,264,166,240,80
2019-10-11 00:00:00-04:00,117689.84044361115,0.9521093368530273,274,4918,264,166,240,80
2019-10-14 00:00:00-04:00,117689.999584198,0.9521093368530273,274,4918,264,166,240,80
2019-10-15 00:00:00-04:00,119035.09577989578,58845.475846767426,137,2459,132,83,120,40
2019-10-16 00:00:00-04:00,118794.34935379028,58845.475846767426,137,2459,132,83,120,40
2019-10-17 00:00:00-04:00,118868.21085739136,58845.475846767426,137,2459,132,83,120,40
2019-10-18 00:00:00-04:00,117288.8010673523,48.68906879425049,292,7378,387,83,120,40
2019-10-21 00:00:00-04:00,117288.8010673523,117288.8010673523,0,0,0,0,0,0
2019-10-22 00:00:00-04:00,116398.77576255798,31.420178413391113,223,6013,505,328,1,0
2019-10-23 00:00:00-04:00,116398.77576255798,116398.77576255798,0,0,0,0,0,0
2019-10-24 00:00:00-04:00,116398.77576255798,116398.77576255798,0,0,0,0,0,0
2019-10-25 00:00:00-04:00,116398.77576255798,116398.77576255798,0,0,0,0,0,0
2019-10-28 00:00:00-04:00,116398.77576255798,116398.77576255798,0,0,0,0,0,0
2019-10-29 00:00:00-04:00,116398.77576255798,116398.77576255798,0,0,0,0,0,0
2019-10-30 00:00:00-04:00,116398.77576255798,116398.77576255798,0,0,0,0,0,0
2019-10-31 00:00:00-04:00,116398.77576255798,116398.77576255798,0,0,0,0,0,0
2019-11-01 00:00:00-04:00,116398.77576255798,116398.77576255798,0,0,0,0,0,0
2019-11-04 00:00:00-05:00,116398.77576255798,116398.77576255798,0,0,0,0,0,0
2019-11-05 00:00:00-05:00,116398.77576255798,116398.77576255798,0,0,0,0,0,0
2019-11-06 00:00:00-05:00,116398.77576255798,116398.77576255798,0,0,0,0,0,0
2019-11-07 00:00:00-05:00,116398.77576255798,116398.77576255798,0,0,0,0,0,0
2019-11-08 00:00:00-05:00,116398.77576255798,116398.77576255798,0,0,0,0,0,0
2019-11-11 00:00:00-05:00,116481.84065532684,56.99403095245361,209,5630,462,325,3,0
2019-11-12 00:00:00-05:00,116948.8498134613,56.99403095245361,209,5630,462,325,3,0
2019-11-13 00:00:00-05:00,116782.15471696854,29140.1286444664,157,4223,347,244,3,0
2019-11-14 00:00:00-05:00,116782.15471696854,116782.15471696854,0,0,0,0,0,0
2019-11-15 00:00:00-05:00,116782.15471696854,116782.15471696854,0,0,0,0,0,0
2019-11-18 00:00:00-05:00,116782.15471696854,116782.15471696854,0,0,0,0,0,0
2019-11-19 00:00:00-05:00,116782.15471696854,116782.15471696854,0,0,0,0,0,0
2019-11-20 00:00:00-05:00,116782.15471696854,116782.15471696854,0,0,0,0,0,0
2019-11-21 00:00:00-05:00,116782.15471696854,116782.15471696854,0,0,0,0,0,0
2019-11-22 00:00:00-05:00,117060.58876085281,53.91368913650513,204,5584,460,336,3,0
2019-11-25 00:00:00-05:00,118429.35516786575,58525.06336259842,102,2792,230,168,2,0
2019-11-26 00:00:00-05:00,118293.82722902298,58525.06336259842,102,2792,230,168,2,0
2019-11-27 00:00:00-05:00,118797.83059358597,58525.06336259842,102,2792,230,168,2,0
2019-11-29 00:00:00-05:00,118419.84333848953,58525.06336259842,102,2792,230,168,2,0
2019-12-02 00:00:00-05:00,117386.78057909012,58525.06336259842,102,2792,230,168,2,0
2019-12-03 00:00:00-05:00,116893.8352971077,58525.06336259842,102,2792,230,168,2,0
2019-12-04 00:00:00-05:00,116893.8352971077,116893.8352971077,0,0,0,0,0,0
2019-12-05 00:00:00-05:00,116893.8352971077,116893.8352971077,0,0,0,0,0,0
2019-12-06 00:00:00-05:00,118479.57816839218,30.2185640335083,204,5623,455,335,2,0
2019-12-09 00:00:00-05:00,117952.16632604599,30.2185640335083,204,5623,455,335,2,0
2019-12-10 00:00:00-05:00,118159.92350721359,30.2185640335083,204,5623,455,335,2,0
2019-12-11 00:00:00-05:00,119152.36151409149,30.2185640335083,204,5623,455,335,2,0
2019-12-12 00:00:00-05:00,120664.53106737137,30.2185640335083,204,5623,455,335,2,0
2019-12-13 00:00:00-05:00,121320.09535646439,2.3293099403381348,204,5628,455,335,2,0
2019-12-16 00:00:00-05:00,121828.34230852127,60583.92493391037,102,2814,228,168,1,0
2019-12-17 00:00:00-05:00,122176.87078619003,60583.92493391037,102,2814,228,168,1,0
2019-12-18 00:00:00-05:00,122138.4541478157,60583.92493391037,102,2814,228,168,1,0
2019-12-19 00:00:00-05:00,122770.45133638382,60583.92493391037,102,2814,228,168,1,0
2019-12-20 00:00:00-05:00,123039.99152326584,76036.56903266907,77,2111,171,126,1,0
2019-12-23 00:00:00-05:00,123240.53969287872,76036.56903266907,77,2111,171,126,1,0
2019-12-24 00:00:00-05:00,123209.80177307129,64.10153865814209,243,6238,534,144,1,0
2019-12-26 00:00:00-05:00,124899.09788513184,4.701061248779297,243,6248,534,144,1,0
2019-12-27 00:00:00-05:00,124598.19984817505,4.701061248779297,243,6248,534,144,1,0
